TYPE;STATUT;ADRESSE;ARRONDISSEMENT;HORAIRE;ACCES_PMR;RELAIS_BEBE;URL_FICHE_EQUIPEMENT;geo_shape;geo_point_2d
SANISETTE;;23 BD DE SEBASTOPOL;75001;24/24h;Oui;Non;;"{""coordinates"": [[2.348837291743346, 48.859880009699]], ""type"": ""MultiPoint""}";48.859880009699, 2.348837291743346
SANISETTE;;19 AV VICTORIA;75001;24/24h;Oui;Non;;"{""coordinates"": [[2.346546000463207, 48.85797799960644]], ""type"": ""MultiPoint""}";48.85797799960644, 2.346546000463207
SANISETTE;;109 BD DE SEBASTOPOL;75002;6h00  - 22h00;Oui;Non;;"{""coordinates"": [[2.352738999879689, 48.86683600014275]], ""type"": ""MultiPoint""}";48.86683600014275, 2.352738999879689
SANISETTE;;34 RUE DU GRENIER SAINT-LAZARE;75003;6h00  - 22h00;Oui;Non;;"{""coordinates"": [[2.3527375754066404, 48.86310049921555]], ""type"": ""MultiPoint""}";48.86310049921555, 2.3527375754066404
SANISETTE;;1 AV CHARLES RISLER;75007;6h00  - 22h00;Oui;Non;;"{""coordinates"": [[2.300448430216667, 48.8550086702999]], ""type"": ""MultiPoint""}";48.8550086702999, 2.300448430216667
SANISETTE;;12 ALL THOMY-THIERRY;75007;6h00  - 22h00;Oui;Non;;"{""coordinates"": [[2.29647335602558, 48.856408667091344]], ""type"": ""MultiPoint""}";48.856408667091344, 2.29647335602558
SANISETTE;;2 AV DE BOUVINES;75011;24/24h;Oui;Non;;"{""coordinates"": [[2.396263709726177, 48.84955890034039]], ""type"": ""MultiPoint""}";48.84955890034039, 2.396263709726177
SANISETTE;;28 RUE DU GENERAL GUILHEM;75011;6h00  - 01h00;Oui;Non;;"{""coordinates"": [[2.379077444929717, 48.86230178931773]], ""type"": ""MultiPoint""}";48.86230178931773, 2.379077444929717
SANISETTE;;47 V BD VOLTAIRE;75011;6h00  - 22h00;Oui;Non;;"{""coordinates"": [[2.3710217801851257, 48.86339431995135]], ""type"": ""MultiPoint""}";48.86339431995135, 2.3710217801851257
SANISETTE;;124 AV DU GENERAL MICHEL BIZOT;75012;6h00  - 22h00;Oui;Non;;"{""coordinates"": [[2.4046253902759087, 48.840437950402396]], ""type"": ""MultiPoint""}";48.840437950402396, 2.4046253902759087
SANISETTE;;18 RUE ERARD;75012;6h00  - 22h00;Oui;Non;;"{""coordinates"": [[2.384912972073826, 48.84560120476427]], ""type"": ""MultiPoint""}";48.84560120476427, 2.384912972073826
SANISETTE;;60 V BD SAINT-MARCEL;75013;6h00  - 22h00;Oui;Non;;"{""coordinates"": [[2.3556394432228274, 48.837917259583676]], ""type"": ""MultiPoint""}";48.837917259583676, 2.3556394432228274
SANISETTE;;11 AV MAURICE D'OCAGNE;75014;6h00  - 22h00;Oui;Non;;"{""coordinates"": [[2.3113320770311945, 48.824990362260834]], ""type"": ""MultiPoint""}";48.824990362260834, 2.3113320770311945
SANISETTE;;15 AV DU GENERAL LECLERC;75014;6h00  - 01h00;Oui;Non;;"{""coordinates"": [[2.330892799644393, 48.83231752026011]], ""type"": ""MultiPoint""}";48.83231752026011, 2.330892799644393
SANISETTE;;148 RUE DE LA CONVENTION;75015;6h00  - 22h00;Oui;Non;;"{""coordinates"": [[2.291312959369181, 48.83951925438511]], ""type"": ""MultiPoint""}";48.83951925438511, 2.291312959369181
SANISETTE;;277 RUE DE VAUGIRARD;75015;6h00  - 22h00;Oui;Non;;"{""coordinates"": [[2.301967340001457, 48.83967060897521]], ""type"": ""MultiPoint""}";48.83967060897521, 2.301967340001457
SANISETTE;;4 V AV PAUL DOUMER;75016;24/24h;Oui;Non;;"{""coordinates"": [[2.2863897801713504, 48.86215396969058]], ""type"": ""MultiPoint""}";48.86215396969058, 2.2863897801713504
SANISETTE;;25 AV DE CLICHY;75017;6h00  - 22h00;Oui;Non;;"{""coordinates"": [[2.3263190502369855, 48.88566793999978]], ""type"": ""MultiPoint""}";48.88566793999978, 2.3263190502369855
SANISETTE;;24 PL CHARLES FILLION;75017;24/24h;Oui;Non;;"{""coordinates"": [[2.3157873495308134, 48.88848120036745]], ""type"": ""MultiPoint""}";48.88848120036745, 2.3157873495308134
SANISETTE;;96 BD BARBES;75018;24/24h;Oui;Non;;"{""coordinates"": [[2.349719392561825, 48.89147643788821]], ""type"": ""MultiPoint""}";48.89147643788821, 2.349719392561825
SANISETTE;;52 QU DE LA LOIRE;75019;24/24h;Oui;Non;;"{""coordinates"": [[2.375797710272781, 48.88580046025125]], ""type"": ""MultiPoint""}";48.88580046025125, 2.375797710272781
SANISETTE;;9 AV DE LA PORTE DE MENILMONTANT;75020;6h00  - 22h00;Oui;Non;;"{""coordinates"": [[2.4091877394738552, 48.87072469031389]], ""type"": ""MultiPoint""}";48.87072469031389, 2.4091877394738552
SANISETTE;;1 RUE DE BUZENVAL;75020;6h00  - 22h00;Oui;Non;;"{""coordinates"": [[2.402572690060961, 48.849111889963396]], ""type"": ""MultiPoint""}";48.849111889963396, 2.402572690060961
SANISETTE;;58 AV DU PROFESSEUR ANDRE LEMIERRE;75020;6h00  - 22h00;Oui;Non;;"{""coordinates"": [[2.414721757553042, 48.85834670022397]], ""type"": ""MultiPoint""}";48.85834670022397, 2.414721757553042
SANISETTE;;64 RUE DU VOLGA;75020;6h00  - 22h00;Oui;Non;;"{""coordinates"": [[2.4089765693744964, 48.852744600229045]], ""type"": ""MultiPoint""}";48.852744600229045, 2.4089765693744964
URINOIR;;RUE BOSSUET;75010;;Non;Non;;"{""coordinates"": [[2.3523454278624807, 48.878782534922934]], ""type"": ""MultiPoint""}";48.878782534922934, 2.3523454278624807
LAVATORY;;place de la Madeleine;75008;10h/18h;;;;"{""coordinates"": [[2.324805261449435, 48.86950302299618]], ""type"": ""MultiPoint""}";48.86950302299618, 2.324805261449435
SANISETTE;;117 RUE MONTMARTRE;75002;6h00  - 22h00;Oui;Non;;"{""coordinates"": [[2.3432268798902363, 48.86876107961352]], ""type"": ""MultiPoint""}";48.86876107961352, 2.3432268798902363
SANISETTE;;10b RUE DE MOUSSY;75004;24/24h;Oui;Non;;"{""coordinates"": [[2.3558231751507304, 48.857838826525686]], ""type"": ""MultiPoint""}";48.857838826525686, 2.3558231751507304
SANISETTE;;14 RUE SAINT-MARTIN;75004;24/24h;Oui;Non;;"{""coordinates"": [[2.349798140633793, 48.85820816963101]], ""type"": ""MultiPoint""}";48.85820816963101, 2.349798140633793
SANISETTE;;8 RUE D'ARCOLE;75004;6h00  - 22h00;Oui;Non;;"{""coordinates"": [[2.3493967701433607, 48.85402526033694]], ""type"": ""MultiPoint""}";48.85402526033694, 2.3493967701433607
SANISETTE;;4 AV FRANKLIN D. ROOSEVELT;75008;6h00  - 22h00;Oui;Non;;"{""coordinates"": [[2.3102039829026175, 48.870154408466966]], ""type"": ""MultiPoint""}";48.870154408466966, 2.3102039829026175
SANISETTE;;1 AV DE VERDUN;75010;24/24h;Oui;Non;;"{""coordinates"": [[2.3614031698854454, 48.876295040260096]], ""type"": ""MultiPoint""}";48.876295040260096, 2.3614031698854454
SANISETTE;;35 RUE ALIBERT;75010;6h00  - 01h00;Oui;Non;;"{""coordinates"": [[2.369601819449488, 48.87232357037209]], ""type"": ""MultiPoint""}";48.87232357037209, 2.369601819449488
SANISETTE;;131 BD DE CHARONNE;75011;6h00  - 22h00;Oui;Non;;"{""coordinates"": [[2.3924468693368377, 48.857471239658345]], ""type"": ""MultiPoint""}";48.857471239658345, 2.3924468693368377
SANISETTE;;3 BD DE L'HOPITAL;75013;24/24h;Oui;Non;;"{""coordinates"": [[2.364351495785611, 48.8430900982869]], ""type"": ""MultiPoint""}";48.8430900982869, 2.364351495785611
SANISETTE;;42 RUE MIRABEAU;75016;6h00  - 22h00;Oui;Non;;"{""coordinates"": [[2.269067673806836, 48.84598982455429]], ""type"": ""MultiPoint""}";48.84598982455429, 2.269067673806836
SANISETTE;;2 V PL AIME MAILLART;75017;6h00  - 22h00;Oui;Non;;"{""coordinates"": [[2.2955318704563696, 48.88150258030886]], ""type"": ""MultiPoint""}";48.88150258030886, 2.2955318704563696
SANISETTE;;2 RUE MONTCALM;75018;6h00  - 22h00;Oui;Non;;"{""coordinates"": [[2.3352347129046858, 48.891793842657734]], ""type"": ""MultiPoint""}";48.891793842657734, 2.3352347129046858
SANISETTE;;60 V BD DE LA CHAPELLE;75018;24/24h;Oui;Non;;"{""coordinates"": [[2.3551063093276956, 48.88419763026975]], ""type"": ""MultiPoint""}";48.88419763026975, 2.3551063093276956
SANISETTE;;8 RUE DU LIEUTENANT-COLONEL DAX;75018;6h00  - 22h00;Oui;Non;;"{""coordinates"": [[2.340244949688719, 48.900707840162134]], ""type"": ""MultiPoint""}";48.900707840162134, 2.340244949688719
SANISETTE;;59 RUE DES CLOYS;75018;6h00  - 22h00;Oui;Non;;"{""coordinates"": [[2.336828316949709, 48.89346588547636]], ""type"": ""MultiPoint""}";48.89346588547636, 2.336828316949709
SANISETTE;;69 AV DE FLANDRE;75019;24/24h;Oui;Non;;"{""coordinates"": [[2.3739278903065597, 48.88869616961867]], ""type"": ""MultiPoint""}";48.88869616961867, 2.3739278903065597
SANISETTE;;171 RUE DES PYRENEES;75020;6h00  - 22h00;Oui;Non;;"{""coordinates"": [[2.4010307407580225, 48.860019473421566]], ""type"": ""MultiPoint""}";48.860019473421566, 2.4010307407580225
SANISETTE;;2 RUE MAX ERNST;75020;6h00  - 22h00;Oui;Non;;"{""coordinates"": [[2.387734405041768, 48.8659772081648]], ""type"": ""MultiPoint""}";48.8659772081648, 2.387734405041768
SANISETTE;;39 RUE JEAN-JACQUES ROUSSEAU;75001;24/24h;Oui;Non;;"{""coordinates"": [[2.3418321593376605, 48.86316461967931]], ""type"": ""MultiPoint""}";48.86316461967931, 2.3418321593376605
SANISETTE;;10 RUE D'ARCOLE;75004;24/24h;Oui;Non;;"{""coordinates"": [[2.3492422105544235, 48.85381594968281]], ""type"": ""MultiPoint""}";48.85381594968281, 2.3492422105544235
SANISETTE;;118 RUE SAINT-MARTIN;75004;24/24h;Oui;Non;;"{""coordinates"": [[2.3511714696357484, 48.860530149672314]], ""type"": ""MultiPoint""}";48.860530149672314, 2.3511714696357484
SANISETTE;;88t BD DE PORT-ROYAL;75005;24/24h;Oui;Non;;"{""coordinates"": [[2.3387829995144718, 48.83920299969486]], ""type"": ""MultiPoint""}";48.83920299969486, 2.3387829995144718
SANISETTE;;8 RUE JEAN CALVIN;75005;24/24h;Oui;Non;;"{""coordinates"": [[2.3487011985673334, 48.84164503588513]], ""type"": ""MultiPoint""}";48.84164503588513, 2.3487011985673334
SANISETTE;;9 AV DES GOBELINS;75005;6h00  - 01h00;Oui;Non;;"{""coordinates"": [[2.3512007650461686, 48.83796332279405]], ""type"": ""MultiPoint""}";48.83796332279405, 2.3512007650461686
SANISETTE;;38 RUE VIGNON;75008;24/24h;Oui;Non;;"{""coordinates"": [[2.3265206696734824, 48.8725432502043]], ""type"": ""MultiPoint""}";48.8725432502043, 2.3265206696734824
SANISETTE;;154 RUE DU FAUBOURG SAINT-MARTIN;75010;24/24h;Oui;Non;;"{""coordinates"": [[2.360451692046805, 48.87575820398598]], ""type"": ""MultiPoint""}";48.87575820398598, 2.360451692046805
SANISETTE;;82 QU DE JEMMAPES;75010;6h00  - 22h00;Oui;Non;;"{""coordinates"": [[2.3649209802714934, 48.872213120387165]], ""type"": ""MultiPoint""}";48.872213120387165, 2.3649209802714934
SANISETTE;;53 RUE RICHARD LENOIR;75011;6h00  - 22h00;Oui;Non;;"{""coordinates"": [[2.3809342996910416, 48.85719778975021]], ""type"": ""MultiPoint""}";48.85719778975021, 2.3809342996910416
SANISETTE;;26 BD DE REUILLY;75012;6h00  - 22h00;Oui;Non;;"{""coordinates"": [[2.392296009601658, 48.839177593378466]], ""type"": ""MultiPoint""}";48.839177593378466, 2.392296009601658
SANISETTE;;111 AV DAUMESNIL;75012;24/24h;Oui;Non;;"{""coordinates"": [[2.380363878852901, 48.84498353498292]], ""type"": ""MultiPoint""}";48.84498353498292, 2.380363878852901
SANISETTE;;54 BD DE PICPUS;75012;6h00  - 22h00;Oui;Non;;"{""coordinates"": [[2.4018833103433606, 48.84369271991485]], ""type"": ""MultiPoint""}";48.84369271991485, 2.4018833103433606
SANISETTE;;100 BD AUGUSTE BLANQUI;75013;24/24h;Oui;Non;;"{""coordinates"": [[2.344514861986152, 48.83113053284524]], ""type"": ""MultiPoint""}";48.83113053284524, 2.344514861986152
SANISETTE;;55 W BD DE L'HOPITAL;75013;6h00  - 01h00;Oui;Non;;"{""coordinates"": [[2.3617632662460664, 48.83965357581384]], ""type"": ""MultiPoint""}";48.83965357581384, 2.3617632662460664
SANISETTE;;147 RUE VERCINGETORIX;75014;6h00  - 22h00;Oui;Non;;"{""coordinates"": [[2.3114233684151264, 48.832575414100425]], ""type"": ""MultiPoint""}";48.832575414100425, 2.3114233684151264
SANISETTE;;76 RUE BRANCION;75015;6h00  - 22h00;Oui;Non;;"{""coordinates"": [[2.3027321990420595, 48.83193366309196]], ""type"": ""MultiPoint""}";48.83193366309196, 2.3027321990420595
SANISETTE;;216 RUE SAINT-CHARLES;75015;6h00  - 22h00;Oui;Non;;"{""coordinates"": [[2.2779890802420524, 48.83808857956524]], ""type"": ""MultiPoint""}";48.83808857956524, 2.2779890802420524
SANISETTE;;26 PL ETIENNE PERNET;75015;24/24h;Oui;Non;;"{""coordinates"": [[2.292144430583758, 48.84260681085283]], ""type"": ""MultiPoint""}";48.84260681085283, 2.292144430583758
SANISETTE;;1 V AV EMILE ZOLA;75015;24/24h;Oui;Non;;"{""coordinates"": [[2.277583649737332, 48.846242949951865]], ""type"": ""MultiPoint""}";48.846242949951865, 2.277583649737332
SANISETTE;;22 PL DUPLEIX;75015;24/24h;Oui;Non;;"{""coordinates"": [[2.29511682975006, 48.85105850010432]], ""type"": ""MultiPoint""}";48.85105850010432, 2.29511682975006
SANISETTE;;22 RUE GROS;75016;6h00  - 22h00;Oui;Non;;"{""coordinates"": [[2.2753980603656103, 48.8512600002834]], ""type"": ""MultiPoint""}";48.8512600002834, 2.2753980603656103
SANISETTE;;2bV BD SUCHET;75016;6h00  - 22h00;Oui;Non;;"{""coordinates"": [[2.2682332313147926, 48.86236343343986]], ""type"": ""MultiPoint""}";48.86236343343986, 2.2682332313147926
SANISETTE;;19 RUE FRANCIS DE CROISSET;75018;6h00  - 22h00;Oui;Non;;"{""coordinates"": [[2.3444620160460223, 48.899395730643995]], ""type"": ""MultiPoint""}";48.899395730643995, 2.3444620160460223
SANISETTE;;111 V AV DE FLANDRE;75019;6h00  - 22h00;Oui;Non;;"{""coordinates"": [[2.3772508105743424, 48.89096865963239]], ""type"": ""MultiPoint""}";48.89096865963239, 2.3772508105743424
SANISETTE;;42 AV SIMON BOLIVAR;75019;24/24h;Oui;Non;;"{""coordinates"": [[2.3805427406510353, 48.87621334987615]], ""type"": ""MultiPoint""}";48.87621334987615, 2.3805427406510353
SANISETTE;;110 RUE DES ORTEAUX;75020;6h00  - 22h00;Oui;Non;;"{""coordinates"": [[2.409968820040893, 48.855581019788346]], ""type"": ""MultiPoint""}";48.855581019788346, 2.409968820040893
SANISETTE;;157 RUE DE MENILMONTANT;75020;6h00  - 22h00;Oui;Non;;"{""coordinates"": [[2.3982091094263556, 48.87057641036934]], ""type"": ""MultiPoint""}";48.87057641036934, 2.3982091094263556
URINOIR;;Au sein du centre sportif des Poissonniers;75018;SB : Fermé // SH : 00h - 24h // STH : 00h - 24h;OUI;NON;;"{""coordinates"": [[2.3499052416517388, 48.900331127067076]], ""type"": ""MultiPoint""}";48.900331127067076, 2.3499052416517388
SANISETTE;;1 RUE DE LA LINGERIE;75001;24/24h;Oui;Non;;"{""coordinates"": [[2.3464805095464514, 48.860271460247645]], ""type"": ""MultiPoint""}";48.860271460247645, 2.3464805095464514
SANISETTE;;27 BD POISSONNIERE;75002;24/24h;Oui;Non;;"{""coordinates"": [[2.343653618162736, 48.8713109955862]], ""type"": ""MultiPoint""}";48.8713109955862, 2.343653618162736
SANISETTE;;119b RUE SAINT-ANTOINE;75004;24/24h;Oui;Non;;"{""coordinates"": [[2.3605031060418042, 48.85525264233464]], ""type"": ""MultiPoint""}";48.85525264233464, 2.3605031060418042
SANISETTE;;17 RUE DU FOUR;75006;24/24h;Oui;Non;;"{""coordinates"": [[2.3345997926619524, 48.85274059887381]], ""type"": ""MultiPoint""}";48.85274059887381, 2.3345997926619524
SANISETTE;;12 AV DE FRIEDLAND;75008;24/24h;Oui;Non;;"{""coordinates"": [[2.303208062843769, 48.87478120266724]], ""type"": ""MultiPoint""}";48.87478120266724, 2.303208062843769
SANISETTE;;51 BD MARGUERITE DE ROCHECHOUART;75009;24/24h;Oui;Non;;"{""coordinates"": [[2.3414303648250145, 48.88233197703353]], ""type"": ""MultiPoint""}";48.88233197703353, 2.3414303648250145
SANISETTE;;10 P PL JACQUES BONSERGENT;75010;24/24h;Oui;Non;;"{""coordinates"": [[2.3609976172994958, 48.871113708092246]], ""type"": ""MultiPoint""}";48.871113708092246, 2.3609976172994958
SANISETTE;;8 PL LEON BLUM;75011;6h00  - 22h00;Oui;Non;;"{""coordinates"": [[2.380221250319334, 48.858288680417445]], ""type"": ""MultiPoint""}";48.858288680417445, 2.380221250319334
SANISETTE;;79 BD KELLERMANN;75013;6h00  - 22h00;Oui;Non;;"{""coordinates"": [[2.3477257035418844, 48.81997259014283]], ""type"": ""MultiPoint""}";48.81997259014283, 2.3477257035418844
SANISETTE;;5 BD KELLERMANN;75013;24/24h;Oui;Non;;"{""coordinates"": [[2.3575761153984485, 48.818985722666376]], ""type"": ""MultiPoint""}";48.818985722666376, 2.3575761153984485
SANISETTE;;64b RUE DU CHEVALERET;75013;24/24h;Oui;Non;;"{""coordinates"": [[2.375264378205611, 48.8302715609474]], ""type"": ""MultiPoint""}";48.8302715609474, 2.375264378205611
SANISETTE;;43b BD ARAGO;75013;6h00  - 22h00;Oui;Non;;"{""coordinates"": [[2.3463720925811002, 48.8349648196452]], ""type"": ""MultiPoint""}";48.8349648196452, 2.3463720925811002
SANISETTE;;17 AV DE LA PORTE DE CHATILLON;75014;6h00  - 22h00;Oui;Non;;"{""coordinates"": [[2.3181684095530226, 48.823856330164695]], ""type"": ""MultiPoint""}";48.823856330164695, 2.3181684095530226
SANISETTE;;38 AV RAPHAEL;75016;24/24h;Oui;Non;;"{""coordinates"": [[2.266699157635957, 48.85720156259947]], ""type"": ""MultiPoint""}";48.85720156259947, 2.266699157635957
SANISETTE;;52 BD MARGUERITE DE ROCHECHOUART;75018;24/24h;Oui;Non;;"{""coordinates"": [[2.34585631007251, 48.88324626989502]], ""type"": ""MultiPoint""}";48.88324626989502, 2.34585631007251
SANISETTE;;0 S CITE FALAISE;75018;6h00  - 22h00;Oui;Non;;"{""coordinates"": [[2.334585770080448, 48.896420040146886]], ""type"": ""MultiPoint""}";48.896420040146886, 2.334585770080448
SANISETTE;;42 RUE BOINOD;75018;6h00  - 22h00;Oui;Non;;"{""coordinates"": [[2.3517642408411996, 48.894149368803426]], ""type"": ""MultiPoint""}";48.894149368803426, 2.3517642408411996
SANISETTE;;32 AV CORENTIN CARIOU;75019;24/24h;Oui;Non;;"{""coordinates"": [[2.3856646907409584, 48.89731242697709]], ""type"": ""MultiPoint""}";48.89731242697709, 2.3856646907409584
WC PUBLICS PERMANENTS;;Parc Rives de Seine;75001;:;Non;;;"{""coordinates"": [[2.3461220503761924, 48.8573418185966]], ""type"": ""MultiPoint""}";48.8573418185966, 2.3461220503761924
URINOIR;;Bassin de la Villette;75019;SB : Fermé // SH : 00h - 24h // STH : 00h - 24h;NON;NON;;"{""coordinates"": [[2.3720342266732533, 48.885315616297966]], ""type"": ""MultiPoint""}";48.885315616297966, 2.3720342266732533
URINOIR;;Canal Saint-Martin à proximité de la rue Jean Poulmarch;75010;SB : Fermé // SH : 00h - 24h // STH : 00h - 24h;NON;NON;;"{""coordinates"": [[2.3644474081668942, 48.872078281951275]], ""type"": ""MultiPoint""}";48.872078281951275, 2.3644474081668942
URINOIR;;Canal Saint-Martin à proximité de la rue des Écluses Saint-Martin;75010;SB : Fermé // SH : 00h - 24h // STH : 00h - 24h;NON;NON;;"{""coordinates"": [[2.365681171241952, 48.87730188795489]], ""type"": ""MultiPoint""}";48.87730188795489, 2.365681171241952
SANISETTE;;44 RUE BERGER;75001;6h00  - 01h00;Oui;Non;;"{""coordinates"": [[2.342209067209261, 48.862354299056456]], ""type"": ""MultiPoint""}";48.862354299056456, 2.342209067209261
SANISETTE;;2 RUE DES QUATRE FILS;75003;6h00  - 22h00;Oui;Non;;"{""coordinates"": [[2.3607034225566443, 48.86006812046211]], ""type"": ""MultiPoint""}";48.86006812046211, 2.3607034225566443
SANISETTE;;2t PL JOFFRE;75007;24/24h;Oui;Non;;"{""coordinates"": [[2.305108938691384, 48.85433106102255]], ""type"": ""MultiPoint""}";48.85433106102255, 2.305108938691384
SANISETTE;;20 BD SAINT-MARTIN;75010;24/24h;Oui;Non;;"{""coordinates"": [[2.3562094060362138, 48.86900407216029]], ""type"": ""MultiPoint""}";48.86900407216029, 2.3562094060362138
SANISETTE;;98 V QU DE LA RAPEE;75012;24/24h;Oui;Non;;"{""coordinates"": [[2.36705919612458, 48.84601383265195]], ""type"": ""MultiPoint""}";48.84601383265195, 2.36705919612458
SANISETTE;;129 RUE DE LA GLACIERE;75013;6h00  - 22h00;Oui;Non;;"{""coordinates"": [[2.34180605964705, 48.82669979957354]], ""type"": ""MultiPoint""}";48.82669979957354, 2.34180605964705
SANISETTE;;159 AV DE CHOISY;75013;6h00  - 22h00;Oui;Non;;"{""coordinates"": [[2.3584748127246966, 48.82820385907834]], ""type"": ""MultiPoint""}";48.82820385907834, 2.3584748127246966
SANISETTE;;10 PL NATIONALE;75013;24/24h;Oui;Non;;"{""coordinates"": [[2.365296559999963, 48.829383309661424]], ""type"": ""MultiPoint""}";48.829383309661424, 2.365296559999963
SANISETTE;;146 BD DE L' HOPITAL;75013;6h00  - 22h00;Oui;Non;;"{""coordinates"": [[2.3561660993342746, 48.83258966979944]], ""type"": ""MultiPoint""}";48.83258966979944, 2.3561660993342746
SANISETTE;;80 BD BRUNE;75014;6h00  - 22h00;Oui;Non;;"{""coordinates"": [[2.3157650594699093, 48.825257580032286]], ""type"": ""MultiPoint""}";48.825257580032286, 2.3157650594699093
SANISETTE;;218 V RUE RAYMOND LOSSERAND;75014;6h00  - 22h00;Oui;Non;;"{""coordinates"": [[2.3056599996663603, 48.827958000189895]], ""type"": ""MultiPoint""}";48.827958000189895, 2.3056599996663603
SANISETTE;;2 PL AMEDEE GORDINI;75015;6h00  - 22h00;Oui;Non;;"{""coordinates"": [[2.29196019395531, 48.83095493623403]], ""type"": ""MultiPoint""}";48.83095493623403, 2.29196019395531
SANISETTE;;3 X SQ LAMARTINE;75016;6h00  - 22h00;Oui;Non;;"{""coordinates"": [[2.2751759028836736, 48.86518154213013]], ""type"": ""MultiPoint""}";48.86518154213013, 2.2751759028836736
SANISETTE;;2 RUE JACQUES KELLNER;75017;6h00  - 22h00;Oui;Non;;"{""coordinates"": [[2.328045990172873, 48.89581494010946]], ""type"": ""MultiPoint""}";48.89581494010946, 2.328045990172873
SANISETTE;;90 W RUE DE LA CHAPELLE;75018;6h00  - 22h00;Oui;Non;;"{""coordinates"": [[2.3594679996442203, 48.896914000104445]], ""type"": ""MultiPoint""}";48.896914000104445, 2.3594679996442203
SANISETTE;;51 V PL ALBERT KAHN;75018;6h00  - 22h00;Oui;Non;;"{""coordinates"": [[2.3459839897238783, 48.89578953031229]], ""type"": ""MultiPoint""}";48.89578953031229, 2.3459839897238783
SANISETTE;;12 RUE MARCEL SEMBAT;75018;24/24h;Oui;Non;;"{""coordinates"": [[2.3377140159759064, 48.89902262440238]], ""type"": ""MultiPoint""}";48.89902262440238, 2.3377140159759064
SANISETTE;;21 PL DE LA CHAPELLE;75018;6h00  - 22h00;Oui;Non;;"{""coordinates"": [[2.3590935203185985, 48.8846566198989]], ""type"": ""MultiPoint""}";48.8846566198989, 2.3590935203185985
SANISETTE;;139 V BD DE MENILMONTANT;75020;24/24h;Oui;Non;;"{""coordinates"": [[2.383375470236812, 48.86676587043387]], ""type"": ""MultiPoint""}";48.86676587043387, 2.383375470236812
SANISETTE;;131 RUE D'AVRON;75020;6h00  - 22h00;Oui;Non;;"{""coordinates"": [[2.4092418044983024, 48.853321128256255]], ""type"": ""MultiPoint""}";48.853321128256255, 2.4092418044983024
SANISETTE;;4 PL MARTIN NADAUD;75020;24/24h;Oui;Non;;"{""coordinates"": [[2.3947408359768394, 48.86495111519072]], ""type"": ""MultiPoint""}";48.86495111519072, 2.3947408359768394
SANISETTE;;296 RUE DES PYRENEES;75020;6h00  - 22h00;Oui;Non;;"{""coordinates"": [[2.392060542897146, 48.8719383843446]], ""type"": ""MultiPoint""}";48.8719383843446, 2.392060542897146
SANISETTE;;3 RUE BELGRAND;75020;6h00  - 22h00;Oui;Non;;"{""coordinates"": [[2.40078025005579, 48.86486057027057]], ""type"": ""MultiPoint""}";48.86486057027057, 2.40078025005579
SANISETTE;;85 BD DE SEBASTOPOL;75002;6h00  - 22h00;Oui;Non;;"{""coordinates"": [[2.3516230682701407, 48.86485212509189]], ""type"": ""MultiPoint""}";48.86485212509189, 2.3516230682701407
SANISETTE;;91 RUE D'ABOUKIR;75002;6h00  - 22h00;Oui;Non;;"{""coordinates"": [[2.3484038797700055, 48.86815451974525]], ""type"": ""MultiPoint""}";48.86815451974525, 2.3484038797700055
SANISETTE;;78 BD SAINT-MARCEL;75005;6h00  - 01h00;Oui;Non;;"{""coordinates"": [[2.353552284496209, 48.83742581925089]], ""type"": ""MultiPoint""}";48.83742581925089, 2.353552284496209
SANISETTE;;41b QU D'ORSAY;75007;24/24h;Oui;Non;;"{""coordinates"": [[2.3108999801659924, 48.862507469839976]], ""type"": ""MultiPoint""}";48.862507469839976, 2.3108999801659924
SANISETTE;;2 AV MARCEAU;75008;24/24h;Oui;Non;;"{""coordinates"": [[2.3002047617366785, 48.865200348529136]], ""type"": ""MultiPoint""}";48.865200348529136, 2.3002047617366785
SANISETTE;;2 V PL DU PEROU;75008;24/24h;Oui;Non;;"{""coordinates"": [[2.315115560580487, 48.87539815030989]], ""type"": ""MultiPoint""}";48.87539815030989, 2.315115560580487
SANISETTE;;21 RUE D'AMSTERDAM;75009;24/24h;Oui;Non;;"{""coordinates"": [[2.3270349599314173, 48.87761558008978]], ""type"": ""MultiPoint""}";48.87761558008978, 2.3270349599314173
SANISETTE;;17 BD MARGUERITE DE ROCHECHOUART;75009;24/24h;Oui;Non;;"{""coordinates"": [[2.3474332621079474, 48.883436114713724]], ""type"": ""MultiPoint""}";48.883436114713724, 2.3474332621079474
SANISETTE;;57 BD DE LA VILLETTE;75010;24/24h;Oui;Non;;"{""coordinates"": [[2.3722055512556888, 48.87619304177504]], ""type"": ""MultiPoint""}";48.87619304177504, 2.3722055512556888
SANISETTE;;3 RUE AMBROISE PARE;75010;6h00  - 22h00;Oui;Non;;"{""coordinates"": [[2.3532414580997556, 48.88182577240791]], ""type"": ""MultiPoint""}";48.88182577240791, 2.3532414580997556
SANISETTE;;54 BD DU TEMPLE;75011;24/24h;Oui;Non;;"{""coordinates"": [[2.3650066607008573, 48.86626678366549]], ""type"": ""MultiPoint""}";48.86626678366549, 2.3650066607008573
SANISETTE;;8 RUE ROLAND BARTHES;75012;24/24h;Oui;Non;;"{""coordinates"": [[2.3774406202459364, 48.844464990230776]], ""type"": ""MultiPoint""}";48.844464990230776, 2.3774406202459364
SANISETTE;;8 RUE JOSEPH CHAILLEY;75012;6h00  - 01h00;Oui;Non;;"{""coordinates"": [[2.403995869455008, 48.833236949696065]], ""type"": ""MultiPoint""}";48.833236949696065, 2.403995869455008
SANISETTE;;16 PL DE LA NATION;75012;24/24h;Oui;Non;;"{""coordinates"": [[2.395490839667198, 48.84743060008]], ""type"": ""MultiPoint""}";48.84743060008, 2.395490839667198
SANISETTE;;15 V BD AUGUSTE BLANQUI;75013;6h00  - 22h00;Oui;Non;;"{""coordinates"": [[2.3533654249275298, 48.83064130218752]], ""type"": ""MultiPoint""}";48.83064130218752, 2.3533654249275298
SANISETTE;;6 RUE DESNOUETTES;75015;24/24h;Oui;Non;;"{""coordinates"": [[2.2933952106678475, 48.8359999801363]], ""type"": ""MultiPoint""}";48.8359999801363, 2.2933952106678475
SANISETTE;;93b RUE BLOMET;75015;6h00  - 22h00;Oui;Non;;"{""coordinates"": [[2.3002932395726394, 48.84091206960563]], ""type"": ""MultiPoint""}";48.84091206960563, 2.3002932395726394
SANISETTE;;364 RUE LECOURBE;75015;6h00  - 22h00;Oui;Non;;"{""coordinates"": [[2.281664116762553, 48.8362383480222]], ""type"": ""MultiPoint""}";48.8362383480222, 2.281664116762553
SANISETTE;;12 PL DES ETATS-UNIS;75016;6h00  - 22h00;Oui;Non;;"{""coordinates"": [[2.293729852939279, 48.868312908393186]], ""type"": ""MultiPoint""}";48.868312908393186, 2.293729852939279
SANISETTE;;96t RUE LEMERCIER;75017;6h00  - 22h00;Oui;Non;;"{""coordinates"": [[2.3189152969267046, 48.88944353637257]], ""type"": ""MultiPoint""}";48.88944353637257, 2.3189152969267046
SANISETTE;;20 V BD DES BATIGNOLLES;75017;6h00  - 22h00;Oui;Non;;"{""coordinates"": [[2.3252355488106597, 48.883117579668074]], ""type"": ""MultiPoint""}";48.883117579668074, 2.3252355488106597
SANISETTE;;47 AV DE LA PORTE DE CLIGNANCOURT;75018;6h00  - 22h00;Oui;Non;;"{""coordinates"": [[2.343965879583295, 48.8992065603752]], ""type"": ""MultiPoint""}";48.8992065603752, 2.343965879583295
SANISETTE;;2 AV DE LAUMIERE;75019;24/24h;Oui;Non;;"{""coordinates"": [[2.3814316206979886, 48.8830322569699]], ""type"": ""MultiPoint""}";48.8830322569699, 2.3814316206979886
SANISETTE;;1V PL HENRI MALBERG;75020;6h00  - 01h00;Oui;Non;;"{""coordinates"": [[2.3897390605148714, 48.87365665991369]], ""type"": ""MultiPoint""}";48.87365665991369, 2.3897390605148714
URINOIR;;Sur le belvédère du parc de Belleville;75020;SB : Fermé // SH : 00h - 24h // STH : 00h - 24h;NON;NON;;"{""coordinates"": [[2.385813914923301, 48.87142182524445]], ""type"": ""MultiPoint""}";48.87142182524445, 2.385813914923301
SANISETTE;;37 BD DES CAPUCINES;75002;6h00  - 22h00;Oui;Non;;"{""coordinates"": [[2.329370402326593, 48.87006448867288]], ""type"": ""MultiPoint""}";48.87006448867288, 2.329370402326593
SANISETTE;;6 RUE AUBRY LE BOUCHER;75004;24/24h;Oui;Non;;"{""coordinates"": [[2.3503813490779786, 48.86022086454177]], ""type"": ""MultiPoint""}";48.86022086454177, 2.3503813490779786
SANISETTE;;17 RUE DE L'AVE MARIA;75004;6h00  - 22h00;Oui;Non;;"{""coordinates"": [[2.359601442265343, 48.853217578867934]], ""type"": ""MultiPoint""}";48.853217578867934, 2.359601442265343
SANISETTE;;4 BD MALESHERBES;75008;6h00  - 22h00;Oui;Non;;"{""coordinates"": [[2.3231303103257135, 48.8705833102002]], ""type"": ""MultiPoint""}";48.8705833102002, 2.3231303103257135
SANISETTE;;2 RUE DE METZ;75010;24/24h;Oui;Non;;"{""coordinates"": [[2.3545751867028915, 48.87075945620254]], ""type"": ""MultiPoint""}";48.87075945620254, 2.3545751867028915
SANISETTE;;6 AV COURTELINE;75012;6h00  - 22h00;Oui;Non;;"{""coordinates"": [[2.411225900653839, 48.84410273041021]], ""type"": ""MultiPoint""}";48.84410273041021, 2.411225900653839
SANISETTE;;92 RUE DE TOLBIAC;75013;6h00  - 01h00;Oui;Non;;"{""coordinates"": [[2.3645810130487286, 48.82683871216017]], ""type"": ""MultiPoint""}";48.82683871216017, 2.3645810130487286
SANISETTE;;153P BD VINCENT AURIOL;75013;6h00  - 22h00;Oui;Non;;"{""coordinates"": [[2.361664330279817, 48.83251036993272]], ""type"": ""MultiPoint""}";48.83251036993272, 2.361664330279817
SANISETTE;;2 M PL DENFERT-ROCHEREAU;75014;6h00  - 22h00;Oui;Non;;"{""coordinates"": [[2.3321347950389177, 48.834811888363355]], ""type"": ""MultiPoint""}";48.834811888363355, 2.3321347950389177
SANISETTE;;18 RUE LEON LHERMITTE;75015;6h00  - 22h00;Oui;Non;;"{""coordinates"": [[2.2978173322185307, 48.842869441319436]], ""type"": ""MultiPoint""}";48.842869441319436, 2.2978173322185307
SANISETTE;;105 RUE CHARDON-LAGACHE;75016;6h00  - 22h00;Oui;Non;;"{""coordinates"": [[2.263085190307671, 48.83985154023166]], ""type"": ""MultiPoint""}";48.83985154023166, 2.263085190307671
SANISETTE;;43 BD BARBES;75018;24/24h;Oui;Non;;"{""coordinates"": [[2.3494231598513053, 48.88850274032641]], ""type"": ""MultiPoint""}";48.88850274032641, 2.3494231598513053
SANISETTE;;2 RUE SAINT-BRUNO;75018;24/24h;Oui;Non;;"{""coordinates"": [[2.3563055337277694, 48.88598374684209]], ""type"": ""MultiPoint""}";48.88598374684209, 2.3563055337277694
SANISETTE;;1 V RUE DU DOCTEUR BABINSKI;75018;6h00  - 22h00;Oui;Non;;"{""coordinates"": [[2.335413090089293, 48.90102276903261]], ""type"": ""MultiPoint""}";48.90102276903261, 2.335413090089293
SANISETTE;;64 V RUE DE LA CHAPELLE;75018;6h00  - 22h00;Oui;Non;;"{""coordinates"": [[2.3595610006604915, 48.89525799997793]], ""type"": ""MultiPoint""}";48.89525799997793, 2.3595610006604915
SANISETTE;;90 BD DE LA CHAPELLE;75018;24/24h;Oui;Non;;"{""coordinates"": [[2.3533560602228505, 48.88407586034174]], ""type"": ""MultiPoint""}";48.88407586034174, 2.3533560602228505
SANISETTE;;169 BD MORTIER;75020;24/24h;Oui;Non;;"{""coordinates"": [[2.4069075498963546, 48.875929670133935]], ""type"": ""MultiPoint""}";48.875929670133935, 2.4069075498963546
WC PUBLICS PERMANENTS;;Parc Rives de Seine;75001;10h à 22h;Oui;;;"{""coordinates"": [[2.344286199307626, 48.857853765241515]], ""type"": ""MultiPoint""}";48.857853765241515, 2.344286199307626
SANISETTE;;23 PL DE LA BOURSE;75002;6h00  - 22h00;Oui;Non;;"{""coordinates"": [[2.340638904107697, 48.86893604363467]], ""type"": ""MultiPoint""}";48.86893604363467, 2.340638904107697
SANISETTE;;58b BD SAINT-MICHEL;75006;24/24h;Oui;Non;;"{""coordinates"": [[2.3400458998964164, 48.84613553023314]], ""type"": ""MultiPoint""}";48.84613553023314, 2.3400458998964164
SANISETTE;;1 V AV DU DOCTEUR BROUARDEL;75007;24/24h;Oui;Non;;"{""coordinates"": [[2.29590136016446, 48.85511594092089]], ""type"": ""MultiPoint""}";48.85511594092089, 2.29590136016446
SANISETTE;;81 QU DE VALMY;75010;24/24h;Oui;Non;;"{""coordinates"": [[2.364076591485933, 48.872602947321305]], ""type"": ""MultiPoint""}";48.872602947321305, 2.364076591485933
SANISETTE;;143 BD DE MAGENTA;75010;6h00  - 22h00;Oui;Non;;"{""coordinates"": [[2.350654325684247, 48.88221759942802]], ""type"": ""MultiPoint""}";48.88221759942802, 2.350654325684247
SANISETTE;;29 RUE DE LA ROQUETTE;75011;24/24h;Oui;Non;;"{""coordinates"": [[2.372862799872562, 48.854880470415004]], ""type"": ""MultiPoint""}";48.854880470415004, 2.372862799872562
SANISETTE;;86 BD RICHARD LENOIR;75011;24/24h;Oui;Non;;"{""coordinates"": [[2.372662050252069, 48.86174757970383]], ""type"": ""MultiPoint""}";48.86174757970383, 2.372662050252069
SANISETTE;;9 PL JACQUES DEBU-BRIDEL;75014;24/24h;Oui;Non;;"{""coordinates"": [[2.3395235517418174, 48.82455647812988]], ""type"": ""MultiPoint""}";48.82455647812988, 2.3395235517418174
SANISETTE;;1 S RUE MAURICE NOGUES;75014;6h00  - 22h00;Oui;Non;;"{""coordinates"": [[2.305356120167381, 48.82623964028021]], ""type"": ""MultiPoint""}";48.82623964028021, 2.305356120167381
SANISETTE;;70 BD JOURDAN;75014;6h00  - 22h00;Oui;Non;;"{""coordinates"": [[2.3288421633909677, 48.82263499886505]], ""type"": ""MultiPoint""}";48.82263499886505, 2.3288421633909677
SANISETTE;;159 BD BRUNE;75014;6h00  - 22h00;Oui;Non;;"{""coordinates"": [[2.3211241536899676, 48.82435191815753]], ""type"": ""MultiPoint""}";48.82435191815753, 2.3211241536899676
SANISETTE;;185 BD LEFEBVRE;75015;6h00  - 22h00;Oui;Non;;"{""coordinates"": [[2.3033632895163656, 48.82827096984683]], ""type"": ""MultiPoint""}";48.82827096984683, 2.3033632895163656
SANISETTE;;16 AV DU PARC DES PRINCES;75016;6h00  - 22h00;Oui;Non;;"{""coordinates"": [[2.2546109800211234, 48.841226019795094]], ""type"": ""MultiPoint""}";48.841226019795094, 2.2546109800211234
SANISETTE;;132 BD BESSIERES;75017;6h00  - 22h00;Oui;Non;;"{""coordinates"": [[2.3142998101080394, 48.894839740013225]], ""type"": ""MultiPoint""}";48.894839740013225, 2.3142998101080394
SANISETTE;;136 RUE DES POISSONNIERS;75018;6h00  - 22h00;Oui;Non;;"{""coordinates"": [[2.352985459808387, 48.89634010030818]], ""type"": ""MultiPoint""}";48.89634010030818, 2.352985459808387
SANISETTE;;2 RUE RONSARD;75018;24/24h;Oui;Non;;"{""coordinates"": [[2.3443483005630807, 48.88513808031839]], ""type"": ""MultiPoint""}";48.88513808031839, 2.3443483005630807
SANISETTE;;1 RUE DE LA BONNE;75018;6h00  - 22h00;Oui;Non;;"{""coordinates"": [[2.3435252796531008, 48.88735544006147]], ""type"": ""MultiPoint""}";48.88735544006147, 2.3435252796531008
SANISETTE;;60 AV DE FLANDRE;75019;6h00  - 22h00;Oui;Non;;"{""coordinates"": [[2.373752859423603, 48.88817928019114]], ""type"": ""MultiPoint""}";48.88817928019114, 2.373752859423603
SANISETTE;;8 BD D'ALGERIE;75019;6h00  - 22h00;Oui;Non;;"{""coordinates"": [[2.4004340719157264, 48.88066729099003]], ""type"": ""MultiPoint""}";48.88066729099003, 2.4004340719157264
SANISETTE;;46 QU DE LA SEINE;75019;24/24h;Oui;Non;;"{""coordinates"": [[2.3758405806095264, 48.88725559943765]], ""type"": ""MultiPoint""}";48.88725559943765, 2.3758405806095264
SANISETTE;;7 P1 AV DE LA PORTE DE LA VILLETTE;75019;24/24h;Oui;Non;;"{""coordinates"": [[2.386777080170814, 48.89897607030185]], ""type"": ""MultiPoint""}";48.89897607030185, 2.386777080170814
SANISETTE;;44 RUE CÉSARIA ÉVORA;75019;6h00  - 22h00;Oui;Non;;"{""coordinates"": [[2.376598858575474, 48.89770445004778]], ""type"": ""MultiPoint""}";48.89770445004778, 2.376598858575474
LAVATORY;;1 rue Lamarck;75018;;Oui;;;"{""coordinates"": [[2.3438632119121188, 48.88626726174863]], ""type"": ""MultiPoint""}";48.88626726174863, 2.3438632119121188
SANISETTE;;8 RUE COQUILLIERE;75001;6h00  - 22h00;Oui;Non;;"{""coordinates"": [[2.3434707650333717, 48.863353670075966]], ""type"": ""MultiPoint""}";48.863353670075966, 2.3434707650333717
SANISETTE;;158 X RUE DU TEMPLE;75003;6h00  - 22h00;Oui;Non;;"{""coordinates"": [[2.3601326074110704, 48.8649899879856]], ""type"": ""MultiPoint""}";48.8649899879856, 2.3601326074110704
SANISETTE;;1 V PL ERNEST DENIS;75006;24/24h;Oui;Non;;"{""coordinates"": [[2.3374910468514507, 48.84176486833784]], ""type"": ""MultiPoint""}";48.84176486833784, 2.3374910468514507
SANISETTE;;38b RUE DE SEVRES;75007;6h00  - 22h00;Oui;Non;;"{""coordinates"": [[2.323063552921906, 48.8498453371803]], ""type"": ""MultiPoint""}";48.8498453371803, 2.323063552921906
SANISETTE;;11 V PL VAUBAN;75007;6h00  - 22h00;Oui;Non;;"{""coordinates"": [[2.311350229551327, 48.853583093314114]], ""type"": ""MultiPoint""}";48.853583093314114, 2.311350229551327
SANISETTE;;61 V BD DE CLICHY;75009;24/24h;Oui;Non;;"{""coordinates"": [[2.331781480594949, 48.88396220009815]], ""type"": ""MultiPoint""}";48.88396220009815, 2.331781480594949
SANISETTE;;114 RUE DU FAUBOURG SAINT-DENIS;75010;6h00  - 22h00;Oui;Non;;"{""coordinates"": [[2.356278328119456, 48.87578990007386]], ""type"": ""MultiPoint""}";48.87578990007386, 2.356278328119456
SANISETTE;;101 QU DE VALMY;75010;24/24h;Oui;Non;;"{""coordinates"": [[2.362740460553247, 48.87461224628995]], ""type"": ""MultiPoint""}";48.87461224628995, 2.362740460553247
SANISETTE;;6 IMP TRUILLOT;75011;6h00  - 22h00;Oui;Non;;"{""coordinates"": [[2.3746020301147834, 48.86058286366867]], ""type"": ""MultiPoint""}";48.86058286366867, 2.3746020301147834
SANISETTE;;2 V AV DAUMESNIL;75012;24/24h;Oui;Non;;"{""coordinates"": [[2.3711511020452147, 48.84925012815484]], ""type"": ""MultiPoint""}";48.84925012815484, 2.3711511020452147
SANISETTE;;92 RUE DE LYON;75012;6h00  - 22h00;Oui;Non;;"{""coordinates"": [[2.3702965467049255, 48.85084404067458]], ""type"": ""MultiPoint""}";48.85084404067458, 2.3702965467049255
SANISETTE;;24 V PL JEANNE D'ARC;75013;24/24h;Oui;Non;;"{""coordinates"": [[2.3689780255708826, 48.82978921458303]], ""type"": ""MultiPoint""}";48.82978921458303, 2.3689780255708826
SANISETTE;;89 AV D'ITALIE;75013;6h00  - 22h00;Oui;Non;;"{""coordinates"": [[2.3581582935512326, 48.82392361704458]], ""type"": ""MultiPoint""}";48.82392361704458, 2.3581582935512326
SANISETTE;;21 Z RUE DE GERGOVIE;75014;6h00  - 22h00;Oui;Non;;"{""coordinates"": [[2.314572922308302, 48.83393975224735]], ""type"": ""MultiPoint""}";48.83393975224735, 2.314572922308302
SANISETTE;;65 AV DU GENERAL LECLERC;75014;24/24h;Oui;Non;;"{""coordinates"": [[2.3279545500774907, 48.82896741987313]], ""type"": ""MultiPoint""}";48.82896741987313, 2.3279545500774907
SANISETTE;;1 V AV ROGER CAHEN;75015;6h00  - 22h00;Oui;Non;;"{""coordinates"": [[2.3020872897520017, 48.84785234410818]], ""type"": ""MultiPoint""}";48.84785234410818, 2.3020872897520017
SANISETTE;;73 QU JACQUES CHIRAC;75015;24/24h;Oui;Non;;"{""coordinates"": [[2.291109600174432, 48.857245079877]], ""type"": ""MultiPoint""}";48.857245079877, 2.291109600174432
SANISETTE;;2 V RUE LOUIS PASTEUR VALLERY-RADOT;75018;24/24h;Oui;Non;;"{""coordinates"": [[2.3350774206732563, 48.900574389814324]], ""type"": ""MultiPoint""}";48.900574389814324, 2.3350774206732563
SANISETTE;;179 AV DE FLANDRE;75019;6h00  - 22h00;Oui;Non;;"{""coordinates"": [[2.3820286700913247, 48.89473761038989]], ""type"": ""MultiPoint""}";48.89473761038989, 2.3820286700913247
SANISETTE;;114 RUE DES PYRENEES;75020;6h00  - 22h00;Oui;Non;;"{""coordinates"": [[2.404535359886351, 48.85705511960531]], ""type"": ""MultiPoint""}";48.85705511960531, 2.404535359886351
SANISETTE;;6 RUE SORBIER;75020;24/24h;Oui;Non;;"{""coordinates"": [[2.3898740200411486, 48.86840091043057]], ""type"": ""MultiPoint""}";48.86840091043057, 2.3898740200411486
LAVATORY;;Avenue des Champs-Elysées;75008;;Oui;;;"{""coordinates"": [[2.3170898782796265, 48.86726257414111]], ""type"": ""MultiPoint""}";48.86726257414111, 2.3170898782796265
WC PUBLICS PERMANENTS;;Parc Rives de Seine;75004;;Non;;;"{""coordinates"": [[2.3539681991391688, 48.853497166178684]], ""type"": ""MultiPoint""}";48.853497166178684, 2.3539681991391688
WC PUBLICS PERMANENTS;;En aval du pont Louis-Philippe côté Îles Saint-Louis;75004;SB : 10h - 18h30 // SH : 10h - 22h // STH : 9h - 2;OUI;NON;;"{""coordinates"": [[2.353901655431612, 48.85354958094415]], ""type"": ""MultiPoint""}";48.85354958094415, 2.353901655431612
SANISETTE;;25 RUE PASTOURELLE;75003;6h00  - 22h00;Oui;Non;;"{""coordinates"": [[2.359338319501974, 48.86275591994191]], ""type"": ""MultiPoint""}";48.86275591994191, 2.359338319501974
SANISETTE;;184b BD SAINT-GERMAIN;75006;24/24h;Oui;Non;;"{""coordinates"": [[2.330990164315515, 48.85445923466649]], ""type"": ""MultiPoint""}";48.85445923466649, 2.330990164315515
SANISETTE;;42 RUE D'ALSACE;75010;6h00  - 22h00;Oui;Non;;"{""coordinates"": [[2.35859967823568, 48.87873403387514]], ""type"": ""MultiPoint""}";48.87873403387514, 2.35859967823568
SANISETTE;;54 QU DE JEMMAPES;75010;24/24h;Oui;Non;;"{""coordinates"": [[2.3666019505046982, 48.8700483882856]], ""type"": ""MultiPoint""}";48.8700483882856, 2.3666019505046982
SANISETTE;;53 QU DE VALMY;75010;24/24h;Oui;Non;;"{""coordinates"": [[2.365840849892288, 48.87028968983]], ""type"": ""MultiPoint""}";48.87028968983, 2.365840849892288
SANISETTE;;14  BASTILLE;75011;6h00  - 22h00;Oui;Non;;"{""coordinates"": [[2.369806795080443, 48.85353151723508]], ""type"": ""MultiPoint""}";48.85353151723508, 2.369806795080443
SANISETTE;;137 RUE DE LA ROQUETTE;75011;6h00  - 01h00;Oui;Non;;"{""coordinates"": [[2.383949180130828, 48.858681269679764]], ""type"": ""MultiPoint""}";48.858681269679764, 2.383949180130828
SANISETTE;;58 AV DE LA REPUBLIQUE;75011;24/24h;Oui;Non;;"{""coordinates"": [[2.3760442193800495, 48.86489990972804]], ""type"": ""MultiPoint""}";48.86489990972804, 2.3760442193800495
SANISETTE;;14 AV RENE COTY;75014;6h00  - 22h00;Oui;Non;;"{""coordinates"": [[2.333811650559255, 48.83033843997747]], ""type"": ""MultiPoint""}";48.83033843997747, 2.333811650559255
SANISETTE;;23 RUE DU DEPART;75014;24/24h;Oui;Non;;"{""coordinates"": [[2.3231746857387927, 48.84218790234824]], ""type"": ""MultiPoint""}";48.84218790234824, 2.3231746857387927
SANISETTE;;4 PL DE BRETEUIL;75015;6h00  - 22h00;Oui;Non;;"{""coordinates"": [[2.310955400269104, 48.84734393960079]], ""type"": ""MultiPoint""}";48.84734393960079, 2.310955400269104
SANISETTE;;92 RUE DESNOUETTES;75015;6h00  - 22h00;Oui;Non;;"{""coordinates"": [[2.284108980172016, 48.834632750321994]], ""type"": ""MultiPoint""}";48.834632750321994, 2.284108980172016
SANISETTE;;62 BD MURAT;75016;6h00  - 22h00;Oui;Non;;"{""coordinates"": [[2.256182157824614, 48.842243492010866]], ""type"": ""MultiPoint""}";48.842243492010866, 2.256182157824614
SANISETTE;;1 AV DE WAGRAM;75017;24/24h;Oui;Non;;"{""coordinates"": [[2.295708459533681, 48.87497781973921]], ""type"": ""MultiPoint""}";48.87497781973921, 2.295708459533681
SANISETTE;;15 RUE DU PRE SAINT-GERVAIS;75019;6h00  - 22h00;Oui;Non;;"{""coordinates"": [[2.39300897092974, 48.876213017904476]], ""type"": ""MultiPoint""}";48.876213017904476, 2.39300897092974
SANISETTE;;12 RUE REBEVAL;75019;6h00  - 22h00;Oui;Non;;"{""coordinates"": [[2.376366069336111, 48.87407622030231]], ""type"": ""MultiPoint""}";48.87407622030231, 2.376366069336111
SANISETTE;;118 BD DE CHARONNE;75020;6h00  - 22h00;Oui;Non;;"{""coordinates"": [[2.3959370704777183, 48.854738450409805]], ""type"": ""MultiPoint""}";48.854738450409805, 2.3959370704777183
SANISETTE;;5 AV DE LA PORTE DE MONTREUIL;75020;6h00  - 22h00;Oui;Non;;"{""coordinates"": [[2.411529539890345, 48.853777409753576]], ""type"": ""MultiPoint""}";48.853777409753576, 2.411529539890345
SANISETTE;;2 RUE ELISA BOREY;75020;6h00  - 22h00;Oui;Non;;"{""coordinates"": [[2.389755970567651, 48.866263600436376]], ""type"": ""MultiPoint""}";48.866263600436376, 2.389755970567651
SANISETTE;;1 RUE DU JAPON;75020;24/24h;Oui;Non;;"{""coordinates"": [[2.3998245197161645, 48.8648991097497]], ""type"": ""MultiPoint""}";48.8648991097497, 2.3998245197161645
SANISETTE;;23 BD BOURDON;75004;6h00  - 22h00;Oui;Non;;"{""coordinates"": [[2.3667368498712107, 48.84993837956165]], ""type"": ""MultiPoint""}";48.84993837956165, 2.3667368498712107
SANISETTE;;75 BD SAINT-GERMAIN;75006;24/24h;Oui;Non;;"{""coordinates"": [[2.342811916576215, 48.85139748917947]], ""type"": ""MultiPoint""}";48.85139748917947, 2.342811916576215
SANISETTE;;1 RUE VELPEAU;75007;24/24h;Oui;Non;;"{""coordinates"": [[2.3251783798649344, 48.85162830960059]], ""type"": ""MultiPoint""}";48.85162830960059, 2.3251783798649344
SANISETTE;;1 V PL GEORGES GUILLAUMIN;75008;24/24h;Oui;Non;;"{""coordinates"": [[2.302369222499267, 48.87464081316766]], ""type"": ""MultiPoint""}";48.87464081316766, 2.302369222499267
SANISETTE;;2 V RUE DES ECLUSES SAINT-MARTIN;75010;6h00  - 01h00;Oui;Non;;"{""coordinates"": [[2.3681965413714603, 48.87625147993822]], ""type"": ""MultiPoint""}";48.87625147993822, 2.3681965413714603
SANISETTE;;169 RUE DU FAUBOURG SAINT-MARTIN;75010;6h00  - 01h00;Oui;Non;;"{""coordinates"": [[2.3616443599377392, 48.878154620424056]], ""type"": ""MultiPoint""}";48.878154620424056, 2.3616443599377392
SANISETTE;;2 V BD RICHARD LENOIR;75011;24/24h;Oui;Non;;"{""coordinates"": [[2.3696602449729944, 48.853898133246304]], ""type"": ""MultiPoint""}";48.853898133246304, 2.3696602449729944
SANISETTE;;18 AV JEAN AICARD;75011;6h00  - 01h00;Oui;Non;;"{""coordinates"": [[2.3809617906736102, 48.865686440171785]], ""type"": ""MultiPoint""}";48.865686440171785, 2.3809617906736102
SANISETTE;;170 AV LEDRU-ROLLIN;75011;24/24h;Oui;Non;;"{""coordinates"": [[2.3793533607599415, 48.857057285680895]], ""type"": ""MultiPoint""}";48.857057285680895, 2.3793533607599415
SANISETTE;;40 RUE DU CHEVALERET;75013;6h00  - 22h00;Oui;Non;;"{""coordinates"": [[2.3766285605692783, 48.82835038018266]], ""type"": ""MultiPoint""}";48.82835038018266, 2.3766285605692783
SANISETTE;;167 V AV DU MAINE;75014;6h00  - 22h00;Oui;Non;;"{""coordinates"": [[2.3253952408078704, 48.832021970806686]], ""type"": ""MultiPoint""}";48.832021970806686, 2.3253952408078704
SANISETTE;;167 RUE DE LOURMEL;75015;6h00  - 22h00;Oui;Non;;"{""coordinates"": [[2.282564519874863, 48.83909114004663]], ""type"": ""MultiPoint""}";48.83909114004663, 2.282564519874863
SANISETTE;;2 PL FALGUIERE;75015;6h00  - 22h00;Oui;Non;;"{""coordinates"": [[2.309845145561051, 48.836418409015906]], ""type"": ""MultiPoint""}";48.836418409015906, 2.309845145561051
SANISETTE;;68 AV EMILE ZOLA;75015;6h00  - 01h00;Oui;Non;;"{""coordinates"": [[2.2847800195351837, 48.846535300123975]], ""type"": ""MultiPoint""}";48.846535300123975, 2.2847800195351837
SANISETTE;;86 RUE DE LA FEDERATION;75015;24/24h;Oui;Non;;"{""coordinates"": [[2.298003386713036, 48.85285205531267]], ""type"": ""MultiPoint""}";48.85285205531267, 2.298003386713036
SANISETTE;;6 BD DU MONTPARNASSE;75015;24/24h;Oui;Non;;"{""coordinates"": [[2.3169513741933283, 48.846525211422104]], ""type"": ""MultiPoint""}";48.846525211422104, 2.3169513741933283
SANISETTE;;17 RUE POLONCEAU;75018;6h00  - 22h00;Oui;Non;;"{""coordinates"": [[2.3534124800096134, 48.88563393973771]], ""type"": ""MultiPoint""}";48.88563393973771, 2.3534124800096134
SANISETTE;;12b RUE MEYNADIER;75019;6h00  - 22h00;Oui;Non;;"{""coordinates"": [[2.383424029648691, 48.88350023036066]], ""type"": ""MultiPoint""}";48.88350023036066, 2.383424029648691
SANISETTE;;213 AV JEAN JAURES;75019;24/24h;Oui;Non;;"{""coordinates"": [[2.3930770002762394, 48.88896755024106]], ""type"": ""MultiPoint""}";48.88896755024106, 2.3930770002762394
SANISETTE;;25 RUE DU TUNNEL;75019;24/24h;Oui;Non;;"{""coordinates"": [[2.384428150422617, 48.87937324036423]], ""type"": ""MultiPoint""}";48.87937324036423, 2.384428150422617
URINOIR;;Au niveau du port du Gros Caillou;75007;SB : 10h - 18h30 // SH : 10h - 22h // STH : 9h - 2;OUI;NON;;"{""coordinates"": [[2.309290127936604, 48.86295077664941]], ""type"": ""MultiPoint""}";48.86295077664941, 2.309290127936604
SANISETTE;;73 RUE REAUMUR;75002;6h00  - 22h00;Oui;Non;;"{""coordinates"": [[2.349580064370847, 48.86680528054313]], ""type"": ""MultiPoint""}";48.86680528054313, 2.349580064370847
SANISETTE;;1 BD DES FILLES DU CALVAIRE;75003;24/24h;Oui;Non;;"{""coordinates"": [[2.367031011085819, 48.86112295330808]], ""type"": ""MultiPoint""}";48.86112295330808, 2.367031011085819
SANISETTE;;9 BD SAINT-GERMAIN;75005;6h00  - 22h00;Oui;Non;;"{""coordinates"": [[2.354806468810374, 48.849386001034276]], ""type"": ""MultiPoint""}";48.849386001034276, 2.354806468810374
SANISETTE;;75b RUE MONGE;75005;24/24h;Oui;Non;;"{""coordinates"": [[2.352093891349651, 48.843136125935494]], ""type"": ""MultiPoint""}";48.843136125935494, 2.352093891349651
SANISETTE;;16 W RUE BUFFON;75005;6h00  - 22h00;Oui;Non;;"{""coordinates"": [[2.360621622793665, 48.84433258685029]], ""type"": ""MultiPoint""}";48.84433258685029, 2.360621622793665
SANISETTE;;44 AV PHILIPPE-AUGUSTE;75011;6h00  - 22h00;Oui;Non;;"{""coordinates"": [[2.3936961497689855, 48.85211670027965]], ""type"": ""MultiPoint""}";48.85211670027965, 2.3936961497689855
SANISETTE;;195 BD VOLTAIRE;75011;6h00  - 22h00;Oui;Non;;"{""coordinates"": [[2.387873519781094, 48.85326810959419]], ""type"": ""MultiPoint""}";48.85326810959419, 2.387873519781094
SANISETTE;;57 BD DIDEROT;75012;6h00  - 22h00;Oui;Non;;"{""coordinates"": [[2.384211890092088, 48.84711734976458]], ""type"": ""MultiPoint""}";48.84711734976458, 2.384211890092088
SANISETTE;;4 RUE FERNAND FOUREAU;75012;6h00  - 22h00;Oui;Non;;"{""coordinates"": [[2.4112792325849077, 48.84620570140301]], ""type"": ""MultiPoint""}";48.84620570140301, 2.4112792325849077
SANISETTE;;4 BD DIDEROT;75012;6h00  - 22h00;Oui;Non;;"{""coordinates"": [[2.369256231168826, 48.84528947206372]], ""type"": ""MultiPoint""}";48.84528947206372, 2.369256231168826
SANISETTE;;12 BD DE BERCY;75012;24/24h;Oui;Non;;"{""coordinates"": [[2.378220819514561, 48.83961637977757]], ""type"": ""MultiPoint""}";48.83961637977757, 2.378220819514561
SANISETTE;;2 V BD DE REUILLY;75012;6h00  - 22h00;Oui;Non;;"{""coordinates"": [[2.3895801099469836, 48.83892295996266]], ""type"": ""MultiPoint""}";48.83892295996266, 2.3895801099469836
SANISETTE;;6 RUE MARTIN BERNARD;75013;24/24h;Oui;Non;;"{""coordinates"": [[2.351285109440724, 48.82688804027847]], ""type"": ""MultiPoint""}";48.82688804027847, 2.351285109440724
SANISETTE;;44 V BD VINCENT AURIOL;75013;24/24h;Oui;Non;;"{""coordinates"": [[2.368791080223767, 48.83519445972887]], ""type"": ""MultiPoint""}";48.83519445972887, 2.368791080223767
SANISETTE;;54b AV EDISON;75013;6h00  - 22h00;Oui;Non;;"{""coordinates"": [[2.360715755156382, 48.82912783296066]], ""type"": ""MultiPoint""}";48.82912783296066, 2.360715755156382
SANISETTE;;40 AV REILLE;75014;24/24h;Oui;Non;;"{""coordinates"": [[2.3385545363835196, 48.82444816501981]], ""type"": ""MultiPoint""}";48.82444816501981, 2.3385545363835196
SANISETTE;;5 PL VIOLET;75015;6h00  - 22h00;Oui;Non;;"{""coordinates"": [[2.2904813398226973, 48.84481110000147]], ""type"": ""MultiPoint""}";48.84481110000147, 2.2904813398226973
SANISETTE;;41 RUE DES MORILLONS;75015;6h00  - 22h00;Oui;Non;;"{""coordinates"": [[2.299515022327501, 48.8331323722963]], ""type"": ""MultiPoint""}";48.8331323722963, 2.299515022327501
SANISETTE;;2 PL DE BARCELONE;75016;6h00  - 22h00;Oui;Non;;"{""coordinates"": [[2.2737275679564903, 48.8477648661899]], ""type"": ""MultiPoint""}";48.8477648661899, 2.2737275679564903
SANISETTE;;72 AV DE VILLIERS;75017;6h00  - 22h00;Oui;Non;;"{""coordinates"": [[2.304219542425977, 48.88403572576656]], ""type"": ""MultiPoint""}";48.88403572576656, 2.304219542425977
SANISETTE;;74 AV DE SAINT-OUEN;75018;6h00  - 22h00;Oui;Non;;"{""coordinates"": [[2.3271441894520652, 48.89191915012715]], ""type"": ""MultiPoint""}";48.89191915012715, 2.3271441894520652
SANISETTE;;16 AV DE SAINT-OUEN;75018;6h00  - 22h00;Oui;Non;;"{""coordinates"": [[2.3258966301978523, 48.88820460018989]], ""type"": ""MultiPoint""}";48.88820460018989, 2.3258966301978523
SANISETTE;;30 V RUE ERNESTINE;75018;6h00  - 22h00;Oui;Non;;"{""coordinates"": [[2.3546036334652487, 48.89048509484991]], ""type"": ""MultiPoint""}";48.89048509484991, 2.3546036334652487
SANISETTE;;130 V BD DE CLICHY;75018;24/24h;Oui;Non;;"{""coordinates"": [[2.3289732106455046, 48.884213919718384]], ""type"": ""MultiPoint""}";48.884213919718384, 2.3289732106455046
SANISETTE;;220 V BD DE LA VILLETTE;75019;6h00  - 22h00;Oui;Non;;"{""coordinates"": [[2.3673839993875667, 48.88427299956943]], ""type"": ""MultiPoint""}";48.88427299956943, 2.3673839993875667
SANISETTE;;29 AV MATHURIN MOREAU;75019;6h00  - 22h00;Oui;Non;;"{""coordinates"": [[2.3739563302266076, 48.878431519680824]], ""type"": ""MultiPoint""}";48.878431519680824, 2.3739563302266076
SANISETTE;;21 AV DE LA PORTE BRUNET;75019;6h00  - 22h00;Oui;Non;;"{""coordinates"": [[2.3978540997785553, 48.88388667994655]], ""type"": ""MultiPoint""}";48.88388667994655, 2.3978540997785553
WC PUBLICS PERMANENTS;;Parc Rives de Seine;75007;;Oui;;;"{""coordinates"": [[2.3195679829481675, 48.862608094082944]], ""type"": ""MultiPoint""}";48.862608094082944, 2.3195679829481675
URINOIR;;En aval du pont de Sully;75004;SB : Fermé // SH : 10h - 22h // STH : 9h - 2h;OUI;NON;;"{""coordinates"": [[2.3606999770850083, 48.852020025542224]], ""type"": ""MultiPoint""}";48.852020025542224, 2.3606999770850083
URINOIR;;Au niveau du tunnel des Tuileries;75001;SB : Fermé // SH : 10h - 22h // STH : 9h - 2h;OUI;NON;;"{""coordinates"": [[2.3404727648559027, 48.8587512435453]], ""type"": ""MultiPoint""}";48.8587512435453, 2.3404727648559027
URINOIR;;Au niveau du port de Solférino;75007;SB : 10h - 18h30 // SH : 10h - 22h // STH : 9h - 2;OUI;NON;;"{""coordinates"": [[2.322282598634098, 48.86181155586209]], ""type"": ""MultiPoint""}";48.86181155586209, 2.322282598634098
SANISETTE;;2 RUE MORNAY;75004;6h00  - 22h00;Oui;Non;;"{""coordinates"": [[2.366127231209129, 48.84949314518947]], ""type"": ""MultiPoint""}";48.84949314518947, 2.366127231209129
SANISETTE;;4 RUE POLIVEAU;75005;24/24h;Oui;Non;;"{""coordinates"": [[2.3612776198870487, 48.840388950270686]], ""type"": ""MultiPoint""}";48.840388950270686, 2.3612776198870487
SANISETTE;;10 RUE ORTOLAN;75005;6h00  - 22h00;Oui;Non;;"{""coordinates"": [[2.3507696760896644, 48.84326241657103]], ""type"": ""MultiPoint""}";48.84326241657103, 2.3507696760896644
SANISETTE;;1 V BD DE CLICHY;75009;24/24h;Oui;Non;;"{""coordinates"": [[2.3391611103792562, 48.882071559588404]], ""type"": ""MultiPoint""}";48.882071559588404, 2.3391611103792562
SANISETTE;;1 V BD DE LA VILLETTE;75010;24/24h;Oui;Non;;"{""coordinates"": [[2.3766128103773125, 48.8722577298704]], ""type"": ""MultiPoint""}";48.8722577298704, 2.3766128103773125
SANISETTE;;13 BD DE MENILMONTANT;75011;6h00  - 22h00;Oui;Non;;"{""coordinates"": [[2.3890973106010205, 48.85921237013349]], ""type"": ""MultiPoint""}";48.85921237013349, 2.3890973106010205
SANISETTE;;82 AV DE LA REPUBLIQUE;75011;6h00  - 01h00;Oui;Non;;"{""coordinates"": [[2.3794853395796856, 48.8642475799719]], ""type"": ""MultiPoint""}";48.8642475799719, 2.3794853395796856
SANISETTE;;282 BD VOLTAIRE;75011;6h00  - 22h00;Oui;Non;;"{""coordinates"": [[2.393638579937513, 48.84958955029908]], ""type"": ""MultiPoint""}";48.84958955029908, 2.393638579937513
SANISETTE;;9b BD JULES FERRY;75011;24/24h;Oui;Non;;"{""coordinates"": [[2.3683485600920644, 48.86727108016367]], ""type"": ""MultiPoint""}";48.86727108016367, 2.3683485600920644
SANISETTE;;27 AV D'IVRY;75013;6h00  - 22h00;Oui;Non;;"{""coordinates"": [[2.3668310795657863, 48.82267463015447]], ""type"": ""MultiPoint""}";48.82267463015447, 2.3668310795657863
SANISETTE;;1 Z PL LOUIS ARMSTRONG;75013;6h00  - 22h00;Oui;Non;;"{""coordinates"": [[2.360055425142085, 48.835834040607224]], ""type"": ""MultiPoint""}";48.835834040607224, 2.360055425142085
SANISETTE;;45 RUE DIDOT;75014;24/24h;Oui;Non;;"{""coordinates"": [[2.3201855997615803, 48.83164517958003]], ""type"": ""MultiPoint""}";48.83164517958003, 2.3201855997615803
SANISETTE;;193 RUE D'ALESIA;75014;24/24h;Oui;Non;;"{""coordinates"": [[2.315754937434333, 48.83140661970409]], ""type"": ""MultiPoint""}";48.83140661970409, 2.315754937434333
SANISETTE;;1 V AV RENE COTY;75014;6h00  - 22h00;Oui;Non;;"{""coordinates"": [[2.33293275064136, 48.833045659984066]], ""type"": ""MultiPoint""}";48.833045659984066, 2.33293275064136
SANISETTE;;83 RUE DE LA CHAPELLE;75018;6h00  - 22h00;Oui;Non;;"{""coordinates"": [[2.3590869996795547, 48.89728300032829]], ""type"": ""MultiPoint""}";48.89728300032829, 2.3590869996795547
SANISETTE;;17 RUE RENE BINET;75018;24/24h;Oui;Non;;"{""coordinates"": [[2.3405329497415814, 48.89927590983574]], ""type"": ""MultiPoint""}";48.89927590983574, 2.3405329497415814
SANISETTE;;1 V VOIE BQ/18;75018;6h00  - 22h00;Oui;Non;;"{""coordinates"": [[2.3444071799200783, 48.901117819888164]], ""type"": ""MultiPoint""}";48.901117819888164, 2.3444071799200783
SANISETTE;;6 RUE DE PANAMA;75018;6h00  - 22h00;Oui;Non;;"{""coordinates"": [[2.352753821712541, 48.887649013182454]], ""type"": ""MultiPoint""}";48.887649013182454, 2.352753821712541
SANISETTE;;1 RUE DU MAROC;75019;24/24h;Oui;Non;;"{""coordinates"": [[2.370373600440795, 48.88578970004808]], ""type"": ""MultiPoint""}";48.88578970004808, 2.370373600440795
SANISETTE;;106 RUE DE MEAUX;75019;6h00  - 22h00;Oui;Non;;"{""coordinates"": [[2.381025922477108, 48.88553162651268]], ""type"": ""MultiPoint""}";48.88553162651268, 2.381025922477108
SANISETTE;;48 BD DAVOUT;75020;6h00  - 22h00;Oui;Non;;"{""coordinates"": [[2.411305753326754, 48.851425739480966]], ""type"": ""MultiPoint""}";48.851425739480966, 2.411305753326754
SANISETTE;;55 BD DE SEBASTOPOL;75001;6h00  - 22h00;Oui;Non;;"{""coordinates"": [[2.350206190334162, 48.86231677032192]], ""type"": ""MultiPoint""}";48.86231677032192, 2.350206190334162
SANISETTE;;69 BD DE SEBASTOPOL;75002;6h00  - 22h00;Oui;Non;;"{""coordinates"": [[2.3509618796632554, 48.86366834961569]], ""type"": ""MultiPoint""}";48.86366834961569, 2.3509618796632554
SANISETTE;;46 V BD HENRI IV;75004;24/24h;Oui;Non;;"{""coordinates"": [[2.3683648040436034, 48.852653377545884]], ""type"": ""MultiPoint""}";48.852653377545884, 2.3683648040436034
SANISETTE;;2 Z PL JUSSIEU;75005;24/24h;Oui;Non;;"{""coordinates"": [[2.3548756990385926, 48.84623665526024]], ""type"": ""MultiPoint""}";48.84623665526024, 2.3548756990385926
SANISETTE;;78 BD MARGUERITE DE ROCHECHOUART;75009;24/24h;Oui;Non;;"{""coordinates"": [[2.343379000255218, 48.88271599957815]], ""type"": ""MultiPoint""}";48.88271599957815, 2.343379000255218
SANISETTE;;81b BD DE LA VILLETTE;75010;6h00  - 22h00;Oui;Non;;"{""coordinates"": [[2.370872440283731, 48.877430999668945]], ""type"": ""MultiPoint""}";48.877430999668945, 2.370872440283731
SANISETTE;;1 RUE DES PETITS HOTELS;75010;24/24h;Oui;Non;;"{""coordinates"": [[2.3550858400466277, 48.87716537959467]], ""type"": ""MultiPoint""}";48.87716537959467, 2.3550858400466277
SANISETTE;;1 RUE DE MONTREUIL;75011;6h00  - 22h00;Oui;Non;;"{""coordinates"": [[2.3839941204708954, 48.85042833045039]], ""type"": ""MultiPoint""}";48.85042833045039, 2.3839941204708954
SANISETTE;;54 BD RICHARD LENOIR;75011;6h00  - 22h00;Oui;Non;;"{""coordinates"": [[2.3720189101424887, 48.859369750240305]], ""type"": ""MultiPoint""}";48.859369750240305, 2.3720189101424887
SANISETTE;;2 RUE PAUL DUKAS;75012;6h00  - 22h00;Oui;Non;;"{""coordinates"": [[2.392042110171296, 48.84050258024285]], ""type"": ""MultiPoint""}";48.84050258024285, 2.392042110171296
SANISETTE;;10 AV DU GENERAL LECLERC;75014;24/24h;Oui;Non;;"{""coordinates"": [[2.3311925898404904, 48.833016629794244]], ""type"": ""MultiPoint""}";48.833016629794244, 2.3311925898404904
SANISETTE;;38 RUE CAMBRONNE;75015;6h00  - 22h00;Oui;Non;;"{""coordinates"": [[2.3019037901246304, 48.84554285962441]], ""type"": ""MultiPoint""}";48.84554285962441, 2.3019037901246304
SANISETTE;;6 BD PASTEUR;75015;24/24h;Oui;Non;;"{""coordinates"": [[2.3110269832489267, 48.844746982378766]], ""type"": ""MultiPoint""}";48.844746982378766, 2.3110269832489267
SANISETTE;;5 PL DU COMMERCE;75015;6h00  - 22h00;Oui;Non;;"{""coordinates"": [[2.2921818408680767, 48.84538815895439]], ""type"": ""MultiPoint""}";48.84538815895439, 2.2921818408680767
SANISETTE;;16 AV DU GENERAL SARRAIL;75016;6h00  - 22h00;Oui;Non;;"{""coordinates"": [[2.2559782096246916, 48.84588812698018]], ""type"": ""MultiPoint""}";48.84588812698018, 2.2559782096246916
SANISETTE;;3 AV DE LA PORTE DES TERNES;75017;6h00  - 22h00;Oui;Non;;"{""coordinates"": [[2.282954022865859, 48.88113853031676]], ""type"": ""MultiPoint""}";48.88113853031676, 2.282954022865859
SANISETTE;;1 V PL JEAN GABIN;75018;24/24h;Oui;Non;;"{""coordinates"": [[2.3451110000948807, 48.88912500041226]], ""type"": ""MultiPoint""}";48.88912500041226, 2.3451110000948807
SANISETTE;;2 PL SAINT-PIERRE;75018;24/24h;Oui;Non;;"{""coordinates"": [[2.3446663883337333, 48.88450558264685]], ""type"": ""MultiPoint""}";48.88450558264685, 2.3446663883337333
SANISETTE;;9 IMP ALEXANDRE LECUYER;75018;6h00  - 22h00;Oui;Non;;"{""coordinates"": [[2.341737582922179, 48.897772252951015]], ""type"": ""MultiPoint""}";48.897772252951015, 2.341737582922179
URINOIR;;40 BOULEVARD AUGUSTE BLANQUI;75013;;Non;Non;;"{""coordinates"": [[2.350974415222644, 48.83003143468847]], ""type"": ""MultiPoint""}";48.83003143468847, 2.350974415222644
WC PUBLICS PERMANENTS;;Quai Anatole France;75007;SB : 10h - 18h30 // SH : 10h - 22h // STH : 9h - 2;OUI;NON;;"{""coordinates"": [[2.319649407755046, 48.86261171372206]], ""type"": ""MultiPoint""}";48.86261171372206, 2.319649407755046
SANISETTE;;9 RUE COQUILLIERE;75001;24/24h;Oui;Non;;"{""coordinates"": [[2.342476079891254, 48.86356576751969]], ""type"": ""MultiPoint""}";48.86356576751969, 2.342476079891254
SANISETTE;;23 AV DE L'OBSERVATOIRE;75006;6h00  - 22h00;Oui;Non;;"{""coordinates"": [[2.337286000126423, 48.84223100003779]], ""type"": ""MultiPoint""}";48.84223100003779, 2.337286000126423
SANISETTE;;11 AV TRUDAINE;75009;6h00  - 22h00;Oui;Non;;"{""coordinates"": [[2.345438566227194, 48.881701192937015]], ""type"": ""MultiPoint""}";48.881701192937015, 2.345438566227194
SANISETTE;;5 RUE DE MAZAGRAN;75010;24/24h;Oui;Non;;"{""coordinates"": [[2.3513797494728146, 48.870491119778336]], ""type"": ""MultiPoint""}";48.870491119778336, 2.3513797494728146
SANISETTE;;12bV PL DE LA REPUBLIQUE;75010;24/24h;Oui;Non;;"{""coordinates"": [[2.363408720492826, 48.86840879578168]], ""type"": ""MultiPoint""}";48.86840879578168, 2.363408720492826
SANISETTE;;123 BD RICHARD LENOIR;75011;24/24h;Oui;Non;;"{""coordinates"": [[2.3693615494450615, 48.86582386037762]], ""type"": ""MultiPoint""}";48.86582386037762, 2.3693615494450615
SANISETTE;;12 RUE DE LYON;75012;6h00  - 01h00;Oui;Non;;"{""coordinates"": [[2.371802686682563, 48.847456423702475]], ""type"": ""MultiPoint""}";48.847456423702475, 2.371802686682563
SANISETTE;;111 V AV DE NOGENT;75012;6h00  - 22h00;Oui;Non;;"{""coordinates"": [[2.4410949397955286, 48.844162520299946]], ""type"": ""MultiPoint""}";48.844162520299946, 2.4410949397955286
SANISETTE;;259b AV DAUMESNIL;75012;6h00  - 22h00;Oui;Non;;"{""coordinates"": [[2.404424188111438, 48.83652378906005]], ""type"": ""MultiPoint""}";48.83652378906005, 2.404424188111438
SANISETTE;;103 BD BRUNE;75014;6h00  - 22h00;Oui;Non;;"{""coordinates"": [[2.3150611306784765, 48.82566662016202]], ""type"": ""MultiPoint""}";48.82566662016202, 2.3150611306784765
SANISETTE;;131 AV DU MAINE;75014;6h00  - 22h00;Oui;Non;;"{""coordinates"": [[2.3241459379911897, 48.83489576438475]], ""type"": ""MultiPoint""}";48.83489576438475, 2.3241459379911897
SANISETTE;;199 AV DU MAINE;75014;6h00  - 22h00;Oui;Non;;"{""coordinates"": [[2.3262817704200467, 48.829586939870545]], ""type"": ""MultiPoint""}";48.829586939870545, 2.3262817704200467
SANISETTE;;46 BD DE VAUGIRARD;75015;6h00  - 22h00;Oui;Non;;"{""coordinates"": [[2.3164162897724894, 48.84091266996557]], ""type"": ""MultiPoint""}";48.84091266996557, 2.3164162897724894
SANISETTE;;4 RUE DU COMMANDANT RENE MOUCHOTTE;75015;24/24h;Oui;Non;;"{""coordinates"": [[2.321404977476519, 48.83998058896981]], ""type"": ""MultiPoint""}";48.83998058896981, 2.321404977476519
SANISETTE;;1 V PL CHARLES VALLIN;75015;6h00  - 22h00;Oui;Non;;"{""coordinates"": [[2.3026019897527075, 48.83565955966899]], ""type"": ""MultiPoint""}";48.83565955966899, 2.3026019897527075
SANISETTE;;2 PL DE LA PORTE DE BAGNOLET;75020;24/24h;Oui;Non;;"{""coordinates"": [[2.4091377263070566, 48.86414416787115]], ""type"": ""MultiPoint""}";48.86414416787115, 2.4091377263070566
WC PUBLICS PERMANENTS;;Sous le pont Louis Philippe;75004;;Non;;;"{""coordinates"": [[2.3546443935860903, 48.85420227463655]], ""type"": ""MultiPoint""}";48.85420227463655, 2.3546443935860903
SANISETTE;;90 BD DE SEBASTOPOL;75003;6h00  - 22h00;Oui;Non;;"{""coordinates"": [[2.352549882320317, 48.86603529930398]], ""type"": ""MultiPoint""}";48.86603529930398, 2.352549882320317
SANISETTE;;135b BD DU MONTPARNASSE;75006;6h00  - 22h00;Oui;Non;;"{""coordinates"": [[2.332350523230436, 48.84121960345486]], ""type"": ""MultiPoint""}";48.84121960345486, 2.332350523230436
SANISETTE;;32t AV GEORGE V;75008;6h00  - 22h00;Oui;Non;;"{""coordinates"": [[2.3011939805694763, 48.868823150163266]], ""type"": ""MultiPoint""}";48.868823150163266, 2.3011939805694763
SANISETTE;;40b RUE RENE BOULANGER;75010;24/24h;Oui;Non;;"{""coordinates"": [[2.3607836736617895, 48.86836377442309]], ""type"": ""MultiPoint""}";48.86836377442309, 2.3607836736617895
SANISETTE;;1 AV RICHERAND;75010;24/24h;Oui;Non;;"{""coordinates"": [[2.365476940417783, 48.87184477016122]], ""type"": ""MultiPoint""}";48.87184477016122, 2.365476940417783
SANISETTE;;116 QU DE JEMMAPES;75010;24/24h;Oui;Non;;"{""coordinates"": [[2.3636534906035545, 48.87492861966155]], ""type"": ""MultiPoint""}";48.87492861966155, 2.3636534906035545
SANISETTE;;164 BD VOLTAIRE;75011;6h00  - 22h00;Oui;Non;;"{""coordinates"": [[2.383531339878322, 48.85565264958767]], ""type"": ""MultiPoint""}";48.85565264958767, 2.383531339878322
SANISETTE;;54M BD AUGUSTE BLANQUI;75013;24/24h;Oui;Non;;"{""coordinates"": [[2.349431799631648, 48.82948810808381]], ""type"": ""MultiPoint""}";48.82948810808381, 2.349431799631648
SANISETTE;;98 BD ARAGO;75014;6h00  - 01h00;Oui;Non;;"{""coordinates"": [[2.336801550628308, 48.83472296962998]], ""type"": ""MultiPoint""}";48.83472296962998, 2.336801550628308
SANISETTE;;99 BD DE PORT-ROYAL;75014;6h00  - 22h00;Oui;Non;;"{""coordinates"": [[2.341770030502644, 48.83827595988877]], ""type"": ""MultiPoint""}";48.83827595988877, 2.341770030502644
SANISETTE;;1 AV EMILE ET ARMAND MASSARD;75017;6h00  - 22h00;Oui;Non;;"{""coordinates"": [[2.2975688198925077, 48.88886198972541]], ""type"": ""MultiPoint""}";48.88886198972541, 2.2975688198925077
SANISETTE;;64 AV DE LA GRANDE ARMEE;75017;6h00  - 22h00;Oui;Non;;"{""coordinates"": [[2.2859549332116913, 48.876942029467514]], ""type"": ""MultiPoint""}";48.876942029467514, 2.2859549332116913
SANISETTE;;30 RUE MARC SEGUIN;75018;6h00  - 22h00;Oui;Non;;"{""coordinates"": [[2.361553962820296, 48.89209542938674]], ""type"": ""MultiPoint""}";48.89209542938674, 2.361553962820296
SANISETTE;;9b RUE DE CAMBRAI;75019;6h00  - 22h00;Oui;Non;;"{""coordinates"": [[2.378952569837571, 48.89549642033532]], ""type"": ""MultiPoint""}";48.89549642033532, 2.378952569837571
SANISETTE;;1 V PL DE JOINVILLE;75019;24/24h;Oui;Non;;"{""coordinates"": [[2.3806268799389794, 48.88950023309357]], ""type"": ""MultiPoint""}";48.88950023309357, 2.3806268799389794
SANISETTE;;14 AV DU PROFESSEUR ANDRE LEMIERRE;75020;6h00  - 22h00;Oui;Non;;"{""coordinates"": [[2.415242187656794, 48.85533889270738]], ""type"": ""MultiPoint""}";48.85533889270738, 2.415242187656794
LAVATORY;;Place de l'Etoile;75008;;Oui;;;"{""coordinates"": [[2.296062832904191, 48.8730821071864]], ""type"": ""MultiPoint""}";48.8730821071864, 2.296062832904191
SANISETTE;;9 RUE COQUILLIERE;75001;6h00  - 01h00;Oui;Non;;"{""coordinates"": [[2.3424756514395146, 48.86356601788207]], ""type"": ""MultiPoint""}";48.86356601788207, 2.3424756514395146
SANISETTE;;82 BD DE SEBASTOPOL;75003;6h00  - 22h00;Oui;Non;;"{""coordinates"": [[2.3522500549987164, 48.86552522310793]], ""type"": ""MultiPoint""}";48.86552522310793, 2.3522500549987164
SANISETTE;;36 BD DE SEBASTOPOL;75004;24/24h;Oui;Non;;"{""coordinates"": [[2.350036137178245, 48.861557811535]], ""type"": ""MultiPoint""}";48.861557811535, 2.350036137178245
SANISETTE;;130 RUE SAINT-MARTIN;75004;24/24h;Oui;Non;;"{""coordinates"": [[2.3513151394360743, 48.860796999722396]], ""type"": ""MultiPoint""}";48.860796999722396, 2.3513151394360743
SANISETTE;;41 AV GABRIEL;75008;24/24h;Oui;Non;;"{""coordinates"": [[2.312786948562278, 48.869454574428545]], ""type"": ""MultiPoint""}";48.869454574428545, 2.312786948562278
SANISETTE;;79 V RUE LA FAYETTE;75009;6h00  - 22h00;Oui;Non;;"{""coordinates"": [[2.346886552377564, 48.87677510316604]], ""type"": ""MultiPoint""}";48.87677510316604, 2.346886552377564
SANISETTE;;74 BD DE CLICHY;75009;24/24h;Oui;Non;;"{""coordinates"": [[2.333503288733468, 48.8835555691099]], ""type"": ""MultiPoint""}";48.8835555691099, 2.333503288733468
SANISETTE;;125 AV LEDRU-ROLLIN;75011;6h00  - 01h00;Oui;Non;;"{""coordinates"": [[2.3776671798045563, 48.85414111967807]], ""type"": ""MultiPoint""}";48.85414111967807, 2.3776671798045563
SANISETTE;;283 RUE DE CHARENTON;75012;6h00  - 01h00;Oui;Non;;"{""coordinates"": [[2.3935232405703686, 48.83472220999631]], ""type"": ""MultiPoint""}";48.83472220999631, 2.3935232405703686
SANISETTE;;117 BD VINCENT AURIOL;75013;6h00  - 22h00;Oui;Non;;"{""coordinates"": [[2.3650741699050117, 48.83370688024262]], ""type"": ""MultiPoint""}";48.83370688024262, 2.3650741699050117
SANISETTE;;34 BD EDGAR QUINET;75014;24/24h;Oui;Non;;"{""coordinates"": [[2.32684100012533, 48.840456229807096]], ""type"": ""MultiPoint""}";48.840456229807096, 2.32684100012533
SANISETTE;;16 AV DE LA PORTE DE VANVES;75014;6h00  - 22h00;Oui;Non;;"{""coordinates"": [[2.3041342904288196, 48.82552147042353]], ""type"": ""MultiPoint""}";48.82552147042353, 2.3041342904288196
SANISETTE;;7 Z RUE LA QUINTINIE;75015;24/24h;Oui;Non;;"{""coordinates"": [[2.3063424418093, 48.839243055060386]], ""type"": ""MultiPoint""}";48.839243055060386, 2.3063424418093
SANISETTE;;224 AV DE VERSAILLES;75016;6h00  - 22h00;Oui;Non;;"{""coordinates"": [[2.2586291897777087, 48.83839641996957]], ""type"": ""MultiPoint""}";48.83839641996957, 2.2586291897777087
SANISETTE;;2 RUE POLONCEAU;75018;6h00  - 22h00;Oui;Non;;"{""coordinates"": [[2.354959214794544, 48.88510244776872]], ""type"": ""MultiPoint""}";48.88510244776872, 2.354959214794544
SANISETTE;;1 V VOIE BS/18;75018;6h00  - 22h00;Oui;Non;;"{""coordinates"": [[2.3437694396641677, 48.900789290321995]], ""type"": ""MultiPoint""}";48.900789290321995, 2.3437694396641677
SANISETTE;;29 Z RUE SAINT-FARGEAU;75020;6h00  - 22h00;Oui;Non;;"{""coordinates"": [[2.4021334404926216, 48.871574113786416]], ""type"": ""MultiPoint""}";48.871574113786416, 2.4021334404926216
SANISETTE;;34 BD DE BELLEVILLE;75020;6h00  - 22h00;Oui;Non;;"{""coordinates"": [[2.381854420641295, 48.86836927029465]], ""type"": ""MultiPoint""}";48.86836927029465, 2.381854420641295
SANISETTE;;9 BD DU TEMPLE;75003;24/24h;Oui;Non;;"{""coordinates"": [[2.366314359162037, 48.86356949773474]], ""type"": ""MultiPoint""}";48.86356949773474, 2.366314359162037
SANISETTE;;123 RUE SAINT-JACQUES;75005;6h00  - 01h00;Oui;Non;;"{""coordinates"": [[2.3439922292217497, 48.84782214705313]], ""type"": ""MultiPoint""}";48.84782214705313, 2.3439922292217497
SANISETTE;;93 BD RASPAIL;75006;6h00  - 22h00;Oui;Non;;"{""coordinates"": [[2.3281653094355237, 48.84698225958706]], ""type"": ""MultiPoint""}";48.84698225958706, 2.3281653094355237
SANISETTE;;51 BD DE COURCELLES;75008;6h00  - 22h00;Oui;Non;;"{""coordinates"": [[2.30404134320816, 48.879239128468335]], ""type"": ""MultiPoint""}";48.879239128468335, 2.30404134320816
SANISETTE;;44 BD MALESHERBES;75008;6h00  - 22h00;Oui;Non;;"{""coordinates"": [[2.32043309989352, 48.87433559021722]], ""type"": ""MultiPoint""}";48.87433559021722, 2.32043309989352
SANISETTE;;11 PL DE LA BATAILLE DE STALINGRAD;75010;6h00  - 22h00;Oui;Non;;"{""coordinates"": [[2.368730910344113, 48.883583270298054]], ""type"": ""MultiPoint""}";48.883583270298054, 2.368730910344113
SANISETTE;;7 RUE DU FAUBOURG DU TEMPLE;75010;24/24h;Oui;Non;;"{""coordinates"": [[2.365233841404633, 48.8680319399008]], ""type"": ""MultiPoint""}";48.8680319399008, 2.365233841404633
SANISETTE;;1 V BD DE MENILMONTANT;75011;6h00  - 22h00;Oui;Non;;"{""coordinates"": [[2.38929716034075, 48.85879591025016]], ""type"": ""MultiPoint""}";48.85879591025016, 2.38929716034075
SANISETTE;;133 AV PARMENTIER;75011;24/24h;Oui;Non;;"{""coordinates"": [[2.3711493100968446, 48.869695930332284]], ""type"": ""MultiPoint""}";48.869695930332284, 2.3711493100968446
SANISETTE;;2 AV CLAUDE REGAUD;75013;6h00  - 22h00;Oui;Non;;"{""coordinates"": [[2.3727206101833396, 48.822289379685394]], ""type"": ""MultiPoint""}";48.822289379685394, 2.3727206101833396
SANISETTE;;4 PL DE L'ABBE GEORGES HENOCQUE;75013;6h00  - 22h00;Oui;Non;;"{""coordinates"": [[2.3531012299404006, 48.82406085976774]], ""type"": ""MultiPoint""}";48.82406085976774, 2.3531012299404006
SANISETTE;;2 AV PIERRE DE COUBERTIN;75014;6h00  - 22h00;Oui;Non;;"{""coordinates"": [[2.3443322198574013, 48.818996150285095]], ""type"": ""MultiPoint""}";48.818996150285095, 2.3443322198574013
SANISETTE;;86 AV DU MAINE;75014;6h00  - 01h00;Oui;Non;;"{""coordinates"": [[2.322328219503298, 48.83812710038005]], ""type"": ""MultiPoint""}";48.83812710038005, 2.322328219503298
SANISETTE;;76 RUE VERCINGETORIX;75014;6h00  - 22h00;Oui;Non;;"{""coordinates"": [[2.315579665230144, 48.83561272239942]], ""type"": ""MultiPoint""}";48.83561272239942, 2.315579665230144
SANISETTE;;2 V RUE DES MARINIERS;75014;6h00  - 22h00;Oui;Non;;"{""coordinates"": [[2.311417000462912, 48.82765799983502]], ""type"": ""MultiPoint""}";48.82765799983502, 2.311417000462912
SANISETTE;;202 RUE DE LA CONVENTION;75015;24/24h;Oui;Non;;"{""coordinates"": [[2.296799520026111, 48.83716172969304]], ""type"": ""MultiPoint""}";48.83716172969304, 2.296799520026111
SANISETTE;;7 V AV DE VERSAILLES;75016;6h00  - 22h00;Oui;Non;;"{""coordinates"": [[2.2778989807224774, 48.85084126095886]], ""type"": ""MultiPoint""}";48.85084126095886, 2.2778989807224774
SANISETTE;;135 AV DE CLICHY;75017;6h00  - 22h00;Oui;Non;;"{""coordinates"": [[2.3196466897377035, 48.89081584041747]], ""type"": ""MultiPoint""}";48.89081584041747, 2.3196466897377035
SANISETTE;;51 BD MARGUERITE DE ROCHECHOUART;75018;24/24h;Oui;Non;;"{""coordinates"": [[2.3414337601607937, 48.882335215316225]], ""type"": ""MultiPoint""}";48.882335215316225, 2.3414337601607937
SANISETTE;;135 RUE DAMREMONT;75018;24/24h;Oui;Non;;"{""coordinates"": [[2.3382694700921536, 48.89655454991748]], ""type"": ""MultiPoint""}";48.89655454991748, 2.3382694700921536
SANISETTE;;46 PL DE TORCY;75018;6h00  - 22h00;Oui;Non;;"{""coordinates"": [[2.3610723400259817, 48.89147008033455]], ""type"": ""MultiPoint""}";48.89147008033455, 2.3610723400259817
SANISETTE;;186 BD NEY;75018;24/24h;Oui;Non;;"{""coordinates"": [[2.3294842964469256, 48.8979141054247]], ""type"": ""MultiPoint""}";48.8979141054247, 2.3294842964469256
SANISETTE;;4 V PROM GEORGES ULMER;75018;24/24h;Oui;Non;;"{""coordinates"": [[2.3364512396380595, 48.882676820438775]], ""type"": ""MultiPoint""}";48.882676820438775, 2.3364512396380595
SANISETTE;;29 RUE MANIN;75019;24/24h;Oui;Non;;"{""coordinates"": [[2.378256589738512, 48.878626500439005]], ""type"": ""MultiPoint""}";48.878626500439005, 2.378256589738512
WC PUBLICS PERMANENTS;;En aval du pont au Change;75001;SB : 10h - 18h30 // SH : 10h - 22h // STH : 9h - 2;OUI;NON;;"{""coordinates"": [[2.3459284787189083, 48.85742583932191]], ""type"": ""MultiPoint""}";48.85742583932191, 2.3459284787189083
SANISETTE;;107 RUE RAMBUTEAU;75001;24/24h;Oui;Non;;"{""coordinates"": [[2.3460461964389525, 48.862758224173994]], ""type"": ""MultiPoint""}";48.862758224173994, 2.3460461964389525
SANISETTE;;83 RUE MONTMARTRE;75002;6h00  - 22h00;Oui;Non;;"{""coordinates"": [[2.3438101897578387, 48.86744830957114]], ""type"": ""MultiPoint""}";48.86744830957114, 2.3438101897578387
SANISETTE;;2 CRS LA REINE;75008;24/24h;Oui;Non;;"{""coordinates"": [[2.3180506196717166, 48.865162609640024]], ""type"": ""MultiPoint""}";48.865162609640024, 2.3180506196717166
SANISETTE;;32 BD DIDEROT;75012;24/24h;Oui;Non;;"{""coordinates"": [[2.3765617470073765, 48.84612157545033]], ""type"": ""MultiPoint""}";48.84612157545033, 2.3765617470073765
SANISETTE;;6 RUE ERNEST LAVISSE;75012;6h00  - 22h00;Oui;Non;;"{""coordinates"": [[2.4099138886792324, 48.84198120514346]], ""type"": ""MultiPoint""}";48.84198120514346, 2.4099138886792324
SANISETTE;;122 BD DE L'HOPITAL;75013;6h00  - 22h00;Oui;Non;;"{""coordinates"": [[2.3578050995362156, 48.83481423007486]], ""type"": ""MultiPoint""}";48.83481423007486, 2.3578050995362156
SANISETTE;;46 AV D'ITALIE;75013;6h00  - 22h00;Oui;Non;;"{""coordinates"": [[2.356522719696855, 48.828068650164155]], ""type"": ""MultiPoint""}";48.828068650164155, 2.356522719696855
SANISETTE;;117 BD MASSENA;75013;24/24h;Oui;Non;;"{""coordinates"": [[2.3640220002201393, 48.81960500001131]], ""type"": ""MultiPoint""}";48.81960500001131, 2.3640220002201393
SANISETTE;;77 BD MASSENA;75013;6h00  - 22h00;Oui;Non;;"{""coordinates"": [[2.369023024324114, 48.82125072161495]], ""type"": ""MultiPoint""}";48.82125072161495, 2.369023024324114
SANISETTE;;217 RUE D'ALESIA;75014;6h00  - 22h00;Oui;Non;;"{""coordinates"": [[2.313222999764901, 48.83195400015655]], ""type"": ""MultiPoint""}";48.83195400015655, 2.313222999764901
SANISETTE;;1 V PL DE LA REPUBLIQUE DE PANAMA;75015;6h00  - 22h00;Oui;Non;;"{""coordinates"": [[2.308886130627777, 48.84603355987592]], ""type"": ""MultiPoint""}";48.84603355987592, 2.308886130627777
SANISETTE;;25 AV DE LOWENDAL;75015;6h00  - 22h00;Oui;Non;;"{""coordinates"": [[2.30356953462333, 48.84918826233327]], ""type"": ""MultiPoint""}";48.84918826233327, 2.30356953462333
SANISETTE;;4 PL DE LA PORTE D'AUTEUIL;75016;24/24h;Oui;Non;;"{""coordinates"": [[2.2571668803763063, 48.84845603041495]], ""type"": ""MultiPoint""}";48.84845603041495, 2.2571668803763063
SANISETTE;;55 V BD GOUVION-SAINT-CYR;75017;6h00  - 22h00;Oui;Non;;"{""coordinates"": [[2.28572400040077, 48.881749000300836]], ""type"": ""MultiPoint""}";48.881749000300836, 2.28572400040077
SANISETTE;;195 RUE DE COURCELLES;75017;6h00  - 22h00;Oui;Non;;"{""coordinates"": [[2.294366560532396, 48.887573996531565]], ""type"": ""MultiPoint""}";48.887573996531565, 2.294366560532396
SANISETTE;;12 V BD DES BATIGNOLLES;75017;24/24h;Oui;Non;;"{""coordinates"": [[2.326266229789772, 48.88334294968568]], ""type"": ""MultiPoint""}";48.88334294968568, 2.326266229789772
SANISETTE;;2 V PL DE BITCHE;75019;24/24h;Oui;Non;;"{""coordinates"": [[2.379057519579858, 48.88884184214203]], ""type"": ""MultiPoint""}";48.88884184214203, 2.379057519579858
LAVATORY;;place du parvis de Notre-Dame;75004;10h/18h;;;;"{""coordinates"": [[2.3485479396362106, 48.85311889213951]], ""type"": ""MultiPoint""}";48.85311889213951, 2.3485479396362106
SANISETTE;;15 BD SAINT-DENIS;75002;24/24h;Oui;Non;;"{""coordinates"": [[2.35351149027623, 48.8694180122979]], ""type"": ""MultiPoint""}";48.8694180122979, 2.35351149027623
SANISETTE;;1 RUE SALOMON DE CAUS;75003;6h00  - 22h00;Oui;Non;;"{""coordinates"": [[2.3539871103748795, 48.86736849989243]], ""type"": ""MultiPoint""}";48.86736849989243, 2.3539871103748795
SANISETTE;;6 QU DE GESVRES;75004;24/24h;Oui;Non;;"{""coordinates"": [[2.349805471309682, 48.85650245400671]], ""type"": ""MultiPoint""}";48.85650245400671, 2.349805471309682
SANISETTE;;28 RUE DE L'HOTEL DE VILLE;75004;24/24h;Oui;Non;;"{""coordinates"": [[2.3560324302664863, 48.85415735026349]], ""type"": ""MultiPoint""}";48.85415735026349, 2.3560324302664863
SANISETTE;;50 RUE DE RIVOLI;75004;24/24h;Oui;Non;;"{""coordinates"": [[2.354191753208627, 48.85679837483469]], ""type"": ""MultiPoint""}";48.85679837483469, 2.354191753208627
SANISETTE;;26 RUE BUFFON;75005;6h00  - 22h00;Oui;Non;;"{""coordinates"": [[2.3562394340949875, 48.841317960075806]], ""type"": ""MultiPoint""}";48.841317960075806, 2.3562394340949875
SANISETTE;;76 BD MARGUERITE DE ROCHECHOUART;75009;24/24h;Oui;Non;;"{""coordinates"": [[2.3434889998913424, 48.8827379996895]], ""type"": ""MultiPoint""}";48.8827379996895, 2.3434889998913424
SANISETTE;;180 V QU DE VALMY;75010;6h00  - 01h00;Oui;Non;;"{""coordinates"": [[2.3673224093615897, 48.88017169016235]], ""type"": ""MultiPoint""}";48.88017169016235, 2.3673224093615897
SANISETTE;;195 RUE DU FAUBOURG POISSONNIERE;75010;6h00  - 22h00;Oui;Non;;"{""coordinates"": [[2.34966285387049, 48.883263734445165]], ""type"": ""MultiPoint""}";48.883263734445165, 2.34966285387049
SANISETTE;;96 RUE OBERKAMPF;75011;6h00  - 22h00;Oui;Non;;"{""coordinates"": [[2.377613090323806, 48.86576099010888]], ""type"": ""MultiPoint""}";48.86576099010888, 2.377613090323806
SANISETTE;;90 CRS DE VINCENNES;75012;6h00  - 22h00;Oui;Non;;"{""coordinates"": [[2.407463133569344, 48.84711760640074]], ""type"": ""MultiPoint""}";48.84711760640074, 2.407463133569344
SANISETTE;;39 RUE DU THEATRE;75015;6h00  - 01h00;Oui;Non;;"{""coordinates"": [[2.2879299610867467, 48.84904388261588]], ""type"": ""MultiPoint""}";48.84904388261588, 2.2879299610867467
SANISETTE;;1 RUE JEAN REY;75015;24/24h;Oui;Non;;"{""coordinates"": [[2.28987326017569, 48.85555376638495]], ""type"": ""MultiPoint""}";48.85555376638495, 2.28987326017569
SANISETTE;;118 BD DE MONTMORENCY;75016;6h00  - 22h00;Oui;Non;;"{""coordinates"": [[2.2604173406079533, 48.84844613974557]], ""type"": ""MultiPoint""}";48.84844613974557, 2.2604173406079533
SANISETTE;;4 AV NIEL;75017;6h00  - 22h00;Oui;Non;;"{""coordinates"": [[2.294483317367143, 48.87893607079474]], ""type"": ""MultiPoint""}";48.87893607079474, 2.294483317367143
SANISETTE;;118 V BD DE CLICHY;75018;24/24h;Oui;Non;;"{""coordinates"": [[2.3302837490156376, 48.88440246731499]], ""type"": ""MultiPoint""}";48.88440246731499, 2.3302837490156376
SANISETTE;;36 RUE DE LA CHARBONNIERE;75018;6h00  - 22h00;Oui;Non;;"{""coordinates"": [[2.3521923100579243, 48.884096479951225]], ""type"": ""MultiPoint""}";48.884096479951225, 2.3521923100579243
SANISETTE;;13 RUE HENRI HUCHARD;75018;6h00  - 22h00;Oui;Non;;"{""coordinates"": [[2.3340707805623238, 48.89904663981154]], ""type"": ""MultiPoint""}";48.89904663981154, 2.3340707805623238
SANISETTE;;68 QU DE LA LOIRE;75019;24/24h;Oui;Non;;"{""coordinates"": [[2.377152420385175, 48.886591870221515]], ""type"": ""MultiPoint""}";48.886591870221515, 2.377152420385175
SANISETTE;;3 RUE BOTZARIS;75019;24/24h;Oui;Non;;"{""coordinates"": [[2.3812450795891014, 48.87788164013293]], ""type"": ""MultiPoint""}";48.87788164013293, 2.3812450795891014
SANISETTE;;213 RUE DE BELLEVILLE;75019;6h00  - 22h00;Oui;Non;;"{""coordinates"": [[2.3947819897589318, 48.875430610025695]], ""type"": ""MultiPoint""}";48.875430610025695, 2.3947819897589318
SANISETTE;;9 CRS DE VINCENNES;75020;6h00  - 22h00;Oui;Non;;"{""coordinates"": [[2.400035103585509, 48.84827994139015]], ""type"": ""MultiPoint""}";48.84827994139015, 2.400035103585509
SANISETTE;;6 RUE DES DOCTEURS AUGUSTA ET JULES DEJERINE;75020;6h00  - 01h00;Oui;Non;;"{""coordinates"": [[2.4122559499982397, 48.85444551986428]], ""type"": ""MultiPoint""}";48.85444551986428, 2.4122559499982397
SANISETTE;;4 RUE FERNAND LEGER;75020;6h00  - 22h00;Oui;Non;;"{""coordinates"": [[2.3891949349262513, 48.86379586887828]], ""type"": ""MultiPoint""}";48.86379586887828, 2.3891949349262513
URINOIR;;PLACE HENRI FRENAY;75012;;Non;Non;;"{""coordinates"": [[2.3757608165436976, 48.84510802181111]], ""type"": ""MultiPoint""}";48.84510802181111, 2.3757608165436976
WC PUBLICS PERMANENTS;;En aval du pont Louis Philippe;75004;SB : 10h - 18h30 // SH : 10h - 22h // STH : 9h - 2;OUI;NON;;"{""coordinates"": [[2.3545796722324384, 48.85427809174293]], ""type"": ""MultiPoint""}";48.85427809174293, 2.3545796722324384
WC PUBLICS PERMANENTS;;En amont du pont Neuf;75001;SB : 10h - 18h30 // SH : 10h - 22h // STH : 9h - 2;OUI;NON;;"{""coordinates"": [[2.343958417433318, 48.8579751887463]], ""type"": ""MultiPoint""}";48.8579751887463, 2.343958417433318
