,coord_x,coord_y,valeur,qualif,val_no2,val_pm10,val_o3,val_so2,val_pm25
0,652080,6862620,3,Bon,2.0,2.0,3.0,1.0,0
1,652080,6862620,3,Bon,2.0,3.0,2.0,1.0,0
2,652080,6862620,3,Bon,2.0,3.0,3.0,1.0,0
3,652080,6862620,3,Bon,2.0,3.0,3.0,1.0,0
4,652080,6862620,3,Bon,2.0,3.0,3.0,1.0,0
5,652080,6862620,4,Bon,2.0,4.0,3.0,1.0,0
6,652080,6862620,4,Bon,2.0,4.0,3.0,1.0,0
7,652080,6862620,5,Moyen,2.0,5.0,2.0,1.0,0
8,652080,6862620,5,Moyen,2.0,5.0,2.0,1.0,0
9,652080,6862620,2,Très bon,1.0,2.0,2.0,1.0,0
10,652080,6862620,2,Très bon,2.0,2.0,2.0,1.0,0
11,652080,6862620,3,Bon,3.0,3.0,3.0,1.0,0
12,652080,6862620,3,Bon,3.0,3.0,2.0,1.0,0
13,652080,6862620,3,Bon,2.0,2.0,3.0,1.0,0
14,652080,6862620,3,Bon,2.0,2.0,3.0,1.0,0
15,652080,6862620,3,Bon,2.0,2.0,3.0,1.0,0
16,652080,6862620,2,Très bon,2.0,2.0,2.0,1.0,0
17,652080,6862620,3,Bon,2.0,3.0,3.0,1.0,0
18,652080,6862620,3,Bon,1.0,2.0,3.0,1.0,0
19,652080,6862620,3,Bon,2.0,1.0,3.0,1.0,0
20,652080,6862620,2,Très bon,2.0,2.0,2.0,1.0,0
21,652080,6862620,3,Bon,3.0,3.0,2.0,1.0,0
22,652080,6862620,3,Bon,3.0,2.0,3.0,1.0,0
23,652080,6862620,3,Bon,2.0,2.0,3.0,1.0,0
24,652080,6862620,3,Bon,2.0,2.0,3.0,1.0,0
25,652080,6862620,3,Bon,3.0,2.0,3.0,1.0,0
26,652080,6862620,4,Bon,2.0,2.0,4.0,1.0,0
27,652080,6862620,3,Bon,2.0,2.0,3.0,1.0,0
28,652080,6862620,3,Bon,2.0,2.0,3.0,1.0,0
29,652080,6862620,3,Bon,3.0,3.0,3.0,1.0,0
30,652080,6862620,3,Bon,3.0,3.0,3.0,1.0,0
31,652080,6862620,4,Bon,2.0,4.0,2.0,1.0,0
32,652080,6862620,3,Bon,2.0,3.0,2.0,1.0,0
33,652080,6862620,3,Bon,1.0,1.0,3.0,1.0,0
34,652080,6862620,3,Bon,3.0,2.0,3.0,1.0,0
35,652080,6862620,2,Très bon,2.0,2.0,2.0,1.0,0
36,652080,6862620,5,Moyen,3.0,5.0,2.0,1.0,0
37,652080,6862620,4,Bon,3.0,4.0,2.0,1.0,0
38,652080,6862620,4,Bon,2.0,4.0,2.0,1.0,0
39,652080,6862620,5,Moyen,3.0,5.0,2.0,1.0,0
40,652080,6862620,4,Bon,2.0,4.0,1.0,1.0,0
41,652080,6862620,4,Bon,2.0,4.0,1.0,1.0,0
42,652080,6862620,4,Bon,2.0,4.0,1.0,1.0,0
43,652080,6862620,3,Bon,2.0,3.0,1.0,1.0,0
44,652080,6862620,5,Moyen,2.0,5.0,1.0,1.0,0
45,652080,6862620,7,Médiocre,2.0,7.0,1.0,1.0,0
46,652080,6862620,4,Bon,3.0,4.0,2.0,1.0,0
47,652080,6862620,3,Bon,3.0,3.0,2.0,1.0,0
48,652080,6862620,2,Très bon,2.0,2.0,2.0,1.0,0
49,652080,6862620,2,Très bon,2.0,2.0,2.0,1.0,0
50,652080,6862620,3,Bon,2.0,2.0,3.0,1.0,0
51,652080,6862620,3,Bon,2.0,1.0,3.0,1.0,0
52,652080,6862620,3,Bon,2.0,2.0,3.0,1.0,0
53,652080,6862620,3,Bon,2.0,2.0,3.0,1.0,0
54,652080,6862620,3,Bon,2.0,2.0,3.0,1.0,0
55,652080,6862620,3,Bon,2.0,2.0,3.0,1.0,0
56,652080,6862620,2,Très bon,1.0,1.0,2.0,1.0,0
57,652080,6862620,2,Très bon,2.0,2.0,2.0,1.0,0
58,652080,6862620,3,Bon,2.0,3.0,3.0,1.0,0
59,652080,6862620,2,Très bon,2.0,2.0,2.0,1.0,0
60,652080,6862620,3,Bon,2.0,3.0,2.0,1.0,0
61,652080,6862620,3,Bon,3.0,3.0,2.0,1.0,0
62,652080,6862620,2,Très bon,2.0,2.0,2.0,1.0,0
63,652080,6862620,3,Bon,3.0,2.0,2.0,1.0,0
64,652080,6862620,2,Très bon,2.0,2.0,2.0,1.0,0
65,652080,6862620,2,Très bon,2.0,2.0,2.0,1.0,0
66,652080,6862620,2,Très bon,2.0,2.0,2.0,1.0,0
67,652080,6862620,3,Bon,3.0,2.0,2.0,1.0,0
68,652080,6862620,3,Bon,2.0,3.0,2.0,1.0,0
69,652080,6862620,4,Bon,2.0,4.0,1.0,1.0,0
70,652080,6862620,4,Bon,2.0,4.0,1.0,1.0,0
71,652080,6862620,5,Moyen,2.0,5.0,1.0,1.0,0
72,652080,6862620,3,Bon,2.0,3.0,2.0,1.0,0
73,652080,6862620,2,Très bon,1.0,2.0,2.0,1.0,0
74,652080,6862620,3,Bon,2.0,2.0,3.0,1.0,0
75,652080,6862620,3,Bon,2.0,2.0,3.0,1.0,0
76,652080,6862620,4,Bon,2.0,4.0,2.0,1.0,0
77,652080,6862620,3,Bon,2.0,3.0,2.0,1.0,0
78,652080,6862620,5,Moyen,2.0,5.0,1.0,1.0,0
79,652080,6862620,4,Bon,2.0,4.0,1.0,1.0,0
80,652080,6862620,5,Moyen,2.0,5.0,1.0,1.0,0
81,652080,6862620,7,Médiocre,2.0,7.0,1.0,1.0,0
82,652080,6862620,8,Mauvais,3.0,8.0,1.0,1.0,0
83,652080,6862620,5,Moyen,3.0,5.0,2.0,1.0,0
84,652080,6862620,4,Bon,2.0,4.0,1.0,1.0,0
85,652080,6862620,4,Bon,3.0,4.0,2.0,1.0,0
86,652080,6862620,4,Bon,2.0,4.0,2.0,1.0,0
87,652080,6862620,4,Bon,2.0,4.0,3.0,1.0,0
88,652080,6862620,4,Bon,3.0,4.0,2.0,1.0,0
89,652080,6862620,3,Bon,2.0,3.0,3.0,1.0,0
90,652080,6862620,3,Bon,2.0,3.0,2.0,1.0,0
91,652080,6862620,3,Bon,2.0,3.0,3.0,1.0,0
92,652080,6862620,3,Bon,2.0,3.0,3.0,1.0,0
93,652080,6862620,3,Bon,1.0,2.0,3.0,1.0,0
94,652080,6862620,3,Bon,1.0,3.0,3.0,1.0,0
95,652080,6862620,3,Bon,2.0,3.0,2.0,1.0,0
96,652080,6862620,3,Bon,3.0,3.0,3.0,1.0,0
97,652080,6862620,2,Très bon,2.0,2.0,2.0,1.0,0
98,652080,6862620,3,Bon,3.0,3.0,2.0,1.0,0
99,652080,6862620,4,Bon,3.0,4.0,2.0,1.0,0
100,652080,6862620,3,Bon,2.0,3.0,2.0,1.0,0
101,652080,6862620,4,Bon,2.0,4.0,2.0,1.0,0
102,652080,6862620,4,Bon,2.0,4.0,2.0,1.0,0
103,652080,6862620,4,Bon,2.0,4.0,2.0,1.0,0
104,652080,6862620,3,Bon,3.0,3.0,3.0,1.0,0
105,652080,6862620,3,Bon,3.0,3.0,3.0,1.0,0
106,652080,6862620,3,Bon,1.0,2.0,3.0,1.0,0
107,652080,6862620,3,Bon,1.0,1.0,3.0,1.0,0
108,652080,6862620,3,Bon,1.0,2.0,3.0,1.0,0
109,652080,6862620,3,Bon,2.0,3.0,3.0,1.0,0
110,652080,6862620,3,Bon,2.0,2.0,3.0,1.0,0
111,652080,6862620,3,Bon,2.0,3.0,3.0,1.0,0
112,652080,6862620,2,Très bon,2.0,2.0,2.0,1.0,0
113,652080,6862620,3,Bon,2.0,2.0,3.0,1.0,0
114,652080,6862620,3,Bon,1.0,2.0,3.0,1.0,0
115,652080,6862620,3,Bon,1.0,2.0,3.0,1.0,0
116,652080,6862620,3,Bon,2.0,2.0,3.0,1.0,0
117,652080,6862620,3,Bon,2.0,3.0,3.0,1.0,0
118,652080,6862620,3,Bon,2.0,3.0,3.0,1.0,0
119,652080,6862620,2,Très bon,2.0,2.0,2.0,1.0,0
120,652080,6862620,4,Bon,3.0,4.0,3.0,1.0,0
121,652080,6862620,4,Bon,3.0,4.0,3.0,1.0,0
122,652080,6862620,4,Bon,3.0,4.0,2.0,1.0,0
123,652080,6862620,3,Bon,2.0,3.0,2.0,1.0,0
124,652080,6862620,3,Bon,2.0,3.0,2.0,1.0,0
125,652080,6862620,3,Bon,2.0,3.0,3.0,1.0,0
126,652080,6862620,2,Très bon,2.0,2.0,2.0,1.0,0
127,652080,6862620,3,Bon,2.0,3.0,2.0,1.0,0
128,652080,6862620,2,Très bon,2.0,2.0,2.0,1.0,0
129,652080,6862620,3,Bon,2.0,2.0,3.0,1.0,0
130,652080,6862620,3,Bon,2.0,2.0,3.0,1.0,0
131,652080,6862620,2,Très bon,1.0,2.0,2.0,1.0,0
132,652080,6862620,3,Bon,2.0,2.0,3.0,1.0,0
133,652080,6862620,3,Bon,2.0,2.0,3.0,1.0,0
134,652080,6862620,3,Bon,1.0,2.0,3.0,1.0,0
135,652080,6862620,3,Bon,1.0,2.0,3.0,1.0,0
136,652080,6862620,3,Bon,2.0,2.0,3.0,1.0,0
137,652080,6862620,2,Très bon,2.0,2.0,2.0,1.0,0
138,652080,6862620,3,Bon,2.0,2.0,3.0,1.0,0
139,652080,6862620,3,Bon,2.0,2.0,3.0,1.0,0
140,652080,6862620,3,Bon,2.0,3.0,2.0,1.0,0
141,652080,6862620,2,Très bon,2.0,2.0,2.0,1.0,0
142,652080,6862620,2,Très bon,1.0,2.0,2.0,1.0,0
143,652080,6862620,3,Bon,1.0,2.0,3.0,1.0,0
144,652080,6862620,3,Bon,1.0,2.0,3.0,1.0,0
145,652080,6862620,3,Bon,2.0,2.0,3.0,1.0,0
146,652080,6862620,3,Bon,2.0,3.0,3.0,1.0,0
147,652080,6862620,6,Médiocre,4.0,6.0,5.0,1.0,0
148,652080,6862620,5,Moyen,3.0,5.0,5.0,1.0,0
149,652080,6862620,5,Moyen,3.0,3.0,5.0,1.0,0
150,652080,6862620,4,Bon,3.0,4.0,4.0,1.0,0
151,652080,6862620,5,Moyen,2.0,5.0,5.0,1.0,0
152,652080,6862620,5,Moyen,1.0,5.0,4.0,1.0,0
153,652080,6862620,7,Médiocre,3.0,6.0,7.0,1.0,0
154,652080,6862620,6,Médiocre,5.0,5.0,6.0,1.0,0
155,652080,6862620,6,Médiocre,5.0,5.0,6.0,1.0,0
156,652080,6862620,5,Moyen,4.0,3.0,5.0,1.0,0
157,652080,6862620,4,Bon,2.0,3.0,4.0,1.0,0
158,652080,6862620,4,Bon,2.0,4.0,4.0,1.0,0
159,652080,6862620,3,Bon,2.0,3.0,3.0,1.0,0
160,652080,6862620,4,Bon,2.0,3.0,4.0,1.0,0
161,652080,6862620,3,Bon,3.0,3.0,3.0,1.0,0
162,652080,6862620,3,Bon,3.0,3.0,3.0,1.0,0
163,652080,6862620,3,Bon,2.0,3.0,3.0,1.0,0
164,652080,6862620,3,Bon,1.0,2.0,3.0,1.0,0
165,652080,6862620,5,Moyen,3.0,3.0,5.0,1.0,0
166,652080,6862620,4,Bon,3.0,3.0,4.0,1.0,0
167,652080,6862620,4,Bon,3.0,3.0,4.0,1.0,0
168,652080,6862620,4,Bon,2.0,3.0,4.0,1.0,0
169,652080,6862620,3,Bon,2.0,3.0,3.0,1.0,0
170,652080,6862620,3,Bon,1.0,2.0,3.0,1.0,0
171,652080,6862620,3,Bon,1.0,2.0,3.0,1.0,0
172,652080,6862620,3,Bon,1.0,2.0,3.0,1.0,0
173,652080,6862620,3,Bon,2.0,3.0,3.0,1.0,0
174,652080,6862620,3,Bon,1.0,3.0,3.0,1.0,0
175,652080,6862620,4,Bon,2.0,3.0,4.0,1.0,0
176,652080,6862620,3,Bon,2.0,2.0,3.0,1.0,0
177,652080,6862620,3,Bon,1.0,2.0,3.0,1.0,0
178,652080,6862620,3,Bon,1.0,3.0,3.0,1.0,0
179,652080,6862620,3,Bon,1.0,3.0,3.0,1.0,0
180,652080,6862620,4,Bon,2.0,3.0,4.0,1.0,0
181,652080,6862620,3,Bon,2.0,2.0,3.0,1.0,0
182,652080,6862620,3,Bon,2.0,2.0,3.0,1.0,0
183,652080,6862620,3,Bon,2.0,2.0,3.0,1.0,0
184,652080,6862620,5,Moyen,2.0,2.0,5.0,1.0,0
185,652080,6862620,5,Moyen,1.0,2.0,5.0,1.0,0
186,652080,6862620,4,Bon,2.0,2.0,4.0,1.0,0
187,652080,6862620,5,Moyen,2.0,2.0,5.0,1.0,0
188,652080,6862620,6,Médiocre,3.0,4.0,6.0,0.0,0
189,652080,6862620,8,Mauvais,3.0,6.0,8.0,1.0,0
190,652080,6862620,7,Médiocre,3.0,3.0,7.0,1.0,0
191,652080,6862620,7,Médiocre,2.0,4.0,7.0,1.0,0
192,652080,6862620,7,Médiocre,3.0,4.0,7.0,1.0,0
193,652080,6862620,6,Médiocre,3.0,4.0,6.0,1.0,0
194,652080,6862620,7,Médiocre,3.0,5.0,7.0,1.0,0
195,652080,6862620,5,Moyen,3.0,4.0,5.0,1.0,0
196,652080,6862620,5,Moyen,2.0,3.0,5.0,1.0,0
197,652080,6862620,3,Bon,2.0,2.0,3.0,1.0,0
198,652080,6862620,3,Bon,1.0,2.0,3.0,1.0,0
199,652080,6862620,4,Bon,1.0,2.0,4.0,1.0,0
200,652080,6862620,7,Médiocre,3.0,5.0,7.0,1.0,0
201,652080,6862620,5,Moyen,3.0,4.0,5.0,1.0,0
202,652080,6862620,4,Bon,2.0,3.0,4.0,1.0,0
203,652080,6862620,3,Bon,1.0,2.0,3.0,1.0,0
204,652080,6862620,4,Bon,2.0,3.0,4.0,1.0,0
205,652080,6862620,3,Bon,1.0,2.0,3.0,1.0,0
206,652080,6862620,3,Bon,2.0,3.0,3.0,1.0,0
207,652080,6862620,3,Bon,2.0,3.0,3.0,1.0,0
208,652080,6862620,5,Moyen,2.0,4.0,5.0,1.0,0
209,652080,6862620,4,Bon,1.0,4.0,4.0,1.0,0
210,652080,6862620,4,Bon,1.0,3.0,4.0,1.0,0
211,652080,6862620,4,Bon,1.0,3.0,4.0,1.0,0
212,652080,6862620,4,Bon,1.0,3.0,4.0,1.0,0
213,652080,6862620,4,Bon,2.0,3.0,4.0,1.0,0
214,652080,6862620,4,Bon,2.0,3.0,4.0,1.0,0
215,652080,6862620,3,Bon,1.0,2.0,3.0,1.0,0
216,652080,6862620,3,Bon,1.0,3.0,3.0,1.0,0
217,652080,6862620,4,Bon,1.0,2.0,4.0,1.0,0
218,652080,6862620,5,Moyen,2.0,3.0,5.0,1.0,0
219,652080,6862620,4,Bon,1.0,2.0,4.0,1.0,0
220,652080,6862620,4,Bon,1.0,2.0,4.0,1.0,0
221,652080,6862620,4,Bon,1.0,2.0,4.0,1.0,0
222,652080,6862620,3,Bon,1.0,3.0,3.0,1.0,0
223,652080,6862620,3,Bon,2.0,3.0,3.0,1.0,0
224,652080,6862620,4,Bon,2.0,3.0,4.0,1.0,0
225,652080,6862620,3,Bon,1.0,3.0,3.0,1.0,0
226,652080,6862620,3,Bon,1.0,1.0,3.0,1.0,0
227,652080,6862620,3,Bon,1.0,2.0,3.0,1.0,0
228,652080,6862620,3,Bon,2.0,2.0,3.0,1.0,0
229,652080,6862620,3,Bon,1.0,2.0,3.0,1.0,0
230,652080,6862620,2,Très bon,1.0,2.0,2.0,1.0,0
231,652080,6862620,3,Bon,1.0,2.0,3.0,1.0,0
232,652080,6862620,3,Bon,1.0,3.0,3.0,1.0,0
233,652080,6862620,3,Bon,1.0,2.0,3.0,1.0,0
234,652080,6862620,3,Bon,1.0,2.0,3.0,1.0,0
235,652080,6862620,5,Moyen,2.0,4.0,5.0,1.0,0
236,652080,6862620,7,Médiocre,2.0,4.0,7.0,1.0,0
238,652080,6862620,5,Moyen,2.0,4.0,5.0,1.0,0
239,652080,6862620,4,Bon,2.0,4.0,4.0,1.0,0
240,652080,6862620,3,Bon,2.0,2.0,3.0,1.0,0
241,652080,6862620,4,Bon,2.0,2.0,4.0,1.0,0
242,652080,6862620,3,Bon,2.0,2.0,3.0,1.0,0
243,652080,6862620,3,Bon,2.0,2.0,3.0,1.0,0
244,652080,6862620,3,Bon,2.0,2.0,3.0,1.0,0
245,652080,6862620,4,Bon,1.0,2.0,4.0,1.0,0
246,652080,6862620,3,Bon,1.0,2.0,3.0,1.0,0
247,652080,6862620,3,Bon,1.0,2.0,3.0,1.0,0
248,652080,6862620,4,Bon,1.0,2.0,4.0,1.0,0
249,652080,6862620,3,Bon,1.0,2.0,3.0,1.0,0
250,652080,6862620,5,Moyen,2.0,3.0,5.0,1.0,0
251,652080,6862620,4,Bon,2.0,4.0,4.0,1.0,0
252,652080,6862620,4,Bon,1.0,3.0,4.0,1.0,0
253,652080,6862620,3,Bon,2.0,2.0,3.0,1.0,0
254,652080,6862620,3,Bon,2.0,2.0,3.0,1.0,0
255,652080,6862620,3,Bon,1.0,2.0,3.0,1.0,0
256,652080,6862620,3,Bon,1.0,2.0,3.0,1.0,0
257,652080,6862620,3,Bon,2.0,3.0,3.0,1.0,0
258,652080,6862620,6,Médiocre,2.0,4.0,6.0,1.0,0
259,652080,6862620,6,Médiocre,3.0,3.0,6.0,1.0,0
260,652080,6862620,5,Moyen,3.0,3.0,5.0,1.0,0
261,652080,6862620,4,Bon,2.0,2.0,4.0,1.0,0
262,652080,6862620,5,Moyen,2.0,3.0,5.0,1.0,0
263,652080,6862620,5,Moyen,2.0,3.0,5.0,1.0,0
264,652080,6862620,4,Bon,1.0,3.0,4.0,1.0,0
265,652080,6862620,5,Moyen,2.0,3.0,5.0,1.0,0
266,652080,6862620,5,Moyen,2.0,4.0,5.0,1.0,0
267,652080,6862620,4,Bon,2.0,3.0,4.0,1.0,0
268,652080,6862620,4,Bon,1.0,3.0,4.0,1.0,0
269,652080,6862620,3,Bon,1.0,3.0,3.0,1.0,0
270,652080,6862620,4,Bon,2.0,3.0,4.0,1.0,0
271,652080,6862620,6,Médiocre,2.0,3.0,6.0,1.0,0
272,652080,6862620,4,Bon,2.0,3.0,4.0,1.0,0
273,652080,6862620,4,Bon,2.0,3.0,4.0,1.0,0
274,652080,6862620,5,Moyen,2.0,3.0,5.0,1.0,0
275,652080,6862620,5,Moyen,2.0,3.0,5.0,1.0,0
276,652080,6862620,5,Moyen,2.0,3.0,5.0,1.0,0
277,652080,6862620,4,Bon,1.0,3.0,4.0,1.0,0
278,652080,6862620,4,Bon,1.0,3.0,4.0,1.0,0
279,652080,6862620,4,Bon,2.0,4.0,4.0,1.0,0
280,652080,6862620,4,Bon,1.0,3.0,4.0,1.0,0
281,652080,6862620,4,Bon,1.0,4.0,4.0,1.0,0
282,652080,6862620,4,Bon,1.0,3.0,4.0,1.0,0
283,652080,6862620,4,Bon,2.0,3.0,4.0,1.0,0
284,652080,6862620,6,Médiocre,2.0,3.0,6.0,1.0,0
285,652080,6862620,5,Moyen,3.0,3.0,5.0,1.0,0
286,652080,6862620,5,Moyen,2.0,3.0,5.0,1.0,0
287,652080,6862620,4,Bon,2.0,4.0,3.0,1.0,0
288,652080,6862620,3,Bon,1.0,3.0,3.0,1.0,0
289,652080,6862620,4,Bon,1.0,2.0,4.0,1.0,0
290,652080,6862620,4,Bon,1.0,2.0,4.0,1.0,0
291,652080,6862620,4,Bon,1.0,2.0,4.0,1.0,0
292,652080,6862620,3,Bon,1.0,2.0,3.0,1.0,0
293,652080,6862620,4,Bon,1.0,2.0,4.0,1.0,0
294,652080,6862620,4,Bon,1.0,2.0,4.0,1.0,0
295,652080,6862620,5,Moyen,2.0,3.0,5.0,1.0,0
296,652080,6862620,5,Moyen,1.0,4.0,5.0,1.0,0
297,652080,6862620,4,Bon,1.0,4.0,4.0,1.0,0
298,652080,6862620,5,Moyen,3.0,5.0,5.0,1.0,0
299,652080,6862620,6,Médiocre,2.0,4.0,6.0,1.0,0
300,652080,6862620,5,Moyen,2.0,4.0,5.0,1.0,0
301,652080,6862620,5,Moyen,1.0,4.0,5.0,1.0,0
302,652080,6862620,5,Moyen,1.0,4.0,5.0,1.0,0
303,652080,6862620,5,Moyen,1.0,5.0,5.0,1.0,0
304,652080,6862620,4,Bon,1.0,2.0,4.0,1.0,0
305,652080,6862620,4,Bon,2.0,4.0,4.0,1.0,0
306,652080,6862620,4,Bon,2.0,3.0,4.0,1.0,0
307,652080,6862620,5,Moyen,2.0,3.0,5.0,1.0,0
308,652080,6862620,4,Bon,1.0,3.0,4.0,1.0,0
309,652080,6862620,4,Bon,1.0,4.0,4.0,1.0,0
310,652080,6862620,5,Moyen,2.0,4.0,5.0,1.0,0
311,652080,6862620,6,Médiocre,2.0,4.0,6.0,1.0,0
312,652080,6862620,6,Médiocre,2.0,5.0,6.0,1.0,0
313,652080,6862620,5,Moyen,3.0,5.0,5.0,1.0,0
314,652080,6862620,5,Moyen,3.0,4.0,5.0,1.0,0
315,652080,6862620,5,Moyen,2.0,4.0,5.0,1.0,0
316,652080,6862620,4,Bon,2.0,3.0,4.0,1.0,0
317,652080,6862620,5,Moyen,1.0,3.0,5.0,1.0,0
318,652080,6862620,4,Bon,2.0,3.0,4.0,1.0,0
319,652080,6862620,3,Bon,2.0,3.0,3.0,1.0,0
320,652080,6862620,4,Bon,2.0,3.0,4.0,1.0,0
321,652080,6862620,4,Bon,2.0,4.0,4.0,1.0,0
322,652080,6862620,4,Bon,1.0,3.0,4.0,1.0,0
323,652080,6862620,4,Bon,1.0,2.0,4.0,1.0,0
324,652080,6862620,4,Bon,1.0,3.0,4.0,1.0,0
325,652080,6862620,8,Mauvais,2.0,8.0,4.0,1.0,0
326,652080,6862620,6,Médiocre,2.0,6.0,4.0,1.0,0
327,652080,6862620,4,Bon,2.0,4.0,4.0,1.0,0
328,652080,6862620,4,Bon,2.0,4.0,4.0,1.0,0
329,652080,6862620,4,Bon,1.0,3.0,4.0,1.0,0
330,652080,6862620,4,Bon,1.0,2.0,4.0,1.0,0
331,652080,6862620,3,Bon,1.0,2.0,3.0,1.0,0
332,652080,6862620,3,Bon,1.0,2.0,3.0,1.0,0
333,652080,6862620,6,Médiocre,1.0,6.0,3.0,1.0,0
334,652080,6862620,5,Moyen,2.0,5.0,4.0,1.0,0
335,652080,6862620,6,Médiocre,3.0,6.0,4.0,1.0,0
336,652080,6862620,5,Moyen,3.0,5.0,2.0,1.0,0
337,652080,6862620,3,Bon,3.0,3.0,2.0,1.0,0
338,652080,6862620,4,Bon,3.0,3.0,4.0,1.0,0
339,652080,6862620,3,Bon,2.0,3.0,3.0,1.0,0
340,652080,6862620,3,Bon,3.0,3.0,3.0,1.0,0
341,652080,6862620,4,Bon,1.0,2.0,4.0,1.0,0
342,652080,6862620,3,Bon,1.0,2.0,3.0,1.0,0
343,652080,6862620,3,Bon,1.0,1.0,3.0,1.0,0
344,652080,6862620,3,Bon,2.0,3.0,3.0,1.0,0
345,652080,6862620,3,Bon,2.0,2.0,3.0,1.0,0
346,652080,6862620,3,Bon,3.0,3.0,3.0,1.0,0
347,652080,6862620,3,Bon,3.0,3.0,3.0,1.0,0
348,652080,6862620,3,Bon,2.0,2.0,3.0,1.0,0
349,652080,6862620,3,Bon,3.0,3.0,3.0,1.0,0
350,652080,6862620,3,Bon,3.0,3.0,3.0,1.0,0
351,652080,6862620,3,Bon,2.0,2.0,3.0,1.0,0
352,652080,6862620,3,Bon,2.0,2.0,3.0,1.0,0
353,652080,6862620,4,Bon,1.0,4.0,3.0,1.0,0
354,652080,6862620,4,Bon,3.0,4.0,3.0,1.0,0
355,652080,6862620,3,Bon,2.0,2.0,3.0,1.0,0
356,652080,6862620,3,Bon,2.0,2.0,3.0,1.0,0
357,652080,6862620,3,Bon,2.0,2.0,3.0,1.0,0
358,652080,6862620,3,Bon,1.0,1.0,3.0,1.0,0
359,652080,6862620,3,Bon,1.0,1.0,3.0,1.0,0
360,652080,6862620,3,Bon,1.0,3.0,3.0,1.0,0
361,652080,6862620,3,Bon,3.0,3.0,3.0,1.0,0
362,652080,6862620,3,Bon,2.0,2.0,3.0,1.0,0
363,652080,6862620,3,Bon,2.0,2.0,3.0,1.0,0
364,652080,6862620,3,Bon,2.0,2.0,3.0,1.0,0
365,652080,6862620,3,Bon,2.0,2.0,3.0,1.0,0
366,652080,6862620,3,Bon,1.0,2.0,3.0,1.0,0
367,652080,6862620,4,Bon,2.0,4.0,3.0,1.0,0
368,652080,6862620,4,Bon,2.0,4.0,3.0,1.0,0
369,652080,6862620,3,Bon,1.0,3.0,3.0,1.0,0
370,652080,6862620,3,Bon,3.0,3.0,3.0,1.0,0
371,652080,6862620,3,Bon,2.0,2.0,3.0,1.0,0
372,652080,6862620,3,Bon,1.0,3.0,3.0,1.0,0
373,652080,6862620,3,Bon,1.0,2.0,3.0,1.0,0
374,652080,6862620,3,Bon,2.0,3.0,2.0,1.0,0
375,652080,6862620,4,Bon,3.0,4.0,2.0,1.0,0
376,652080,6862620,4,Bon,3.0,4.0,3.0,1.0,0
377,652080,6862620,3,Bon,3.0,3.0,3.0,1.0,0
378,652080,6862620,3,Bon,2.0,3.0,3.0,1.0,0
379,652080,6862620,3,Bon,2.0,2.0,3.0,1.0,0
380,652080,6862620,3,Bon,1.0,1.0,3.0,1.0,0
381,652080,6862620,3,Bon,1.0,1.0,3.0,1.0,0
382,652080,6862620,2,Très bon,2.0,1.0,2.0,1.0,0
383,652080,6862620,2,Très bon,2.0,2.0,2.0,1.0,0
384,652080,6862620,3,Bon,3.0,3.0,3.0,1.0,0
385,652080,6862620,3,Bon,2.0,2.0,3.0,1.0,0
386,652080,6862620,3,Bon,2.0,2.0,3.0,1.0,0
387,652080,6862620,7,Médiocre,2.0,7.0,2.0,1.0,0
388,652080,6862620,8,Mauvais,3.0,8.0,1.0,1.0,0
389,652080,6862620,8,Mauvais,2.0,8.0,1.0,1.0,0
390,652080,6862620,4,Bon,2.0,4.0,2.0,1.0,0
391,652080,6862620,6,Médiocre,3.0,6.0,1.0,1.0,0
392,652080,6862620,5,Moyen,3.0,5.0,2.0,1.0,0
393,652080,6862620,4,Bon,3.0,4.0,2.0,1.0,0
394,652080,6862620,4,Bon,2.0,4.0,3.0,1.0,0
395,652080,6862620,3,Bon,3.0,3.0,3.0,1.0,0
396,652080,6862620,3,Bon,2.0,2.0,3.0,1.0,0
397,652080,6862620,3,Bon,3.0,3.0,3.0,1.0,0
398,652080,6862620,3,Bon,3.0,3.0,3.0,1.0,0
399,652080,6862620,3,Bon,1.0,2.0,3.0,1.0,0
400,652080,6862620,3,Bon,2.0,2.0,3.0,1.0,0
401,652080,6862620,2,Très bon,2.0,2.0,2.0,1.0,0
402,652080,6862620,3,Bon,3.0,3.0,3.0,1.0,0
403,652080,6862620,3,Bon,2.0,2.0,3.0,1.0,0
404,652080,6862620,3,Bon,2.0,2.0,3.0,1.0,0
405,652080,6862620,2,Très bon,2.0,2.0,2.0,1.0,0
406,652080,6862620,3,Bon,3.0,3.0,2.0,1.0,0
407,652080,6862620,3,Bon,3.0,3.0,2.0,1.0,0
408,652080,6862620,3,Bon,3.0,3.0,3.0,1.0,0
409,652080,6862620,3,Bon,3.0,3.0,3.0,1.0,0
410,652080,6862620,3,Bon,2.0,2.0,3.0,1.0,0
411,652080,6862620,3,Bon,2.0,3.0,2.0,1.0,0
412,652080,6862620,4,Bon,2.0,4.0,1.0,1.0,0
